INFO:     Will watch for changes in these directories: ['/Users/waynewang/where2meet-client/server/server']
INFO:     Uvicorn running on http://127.0.0.1:5001 (Press CTRL+C to quit)
INFO:     Started reloader process [92103] using WatchFiles
INFO:     Started server process [92107]
INFO:     Waiting for application startup.
INFO:     Application startup complete.
INFO:     127.0.0.1:49602 - "GET /health HTTP/1.1" 200 OK
INFO:     127.0.0.1:49746 - "OPTIONS /api/v1/auth/me HTTP/1.1" 200 OK
INFO:     127.0.0.1:49747 - "OPTIONS /api/v1/events/evt_90ad17a57dda4480 HTTP/1.1" 200 OK
2025-10-26 19:31:42,882 INFO sqlalchemy.engine.Engine select pg_catalog.version()
2025-10-26 19:31:42,882 INFO sqlalchemy.engine.Engine [raw sql] {}
2025-10-26 19:31:42,884 INFO sqlalchemy.engine.Engine select current_schema()
2025-10-26 19:31:42,884 INFO sqlalchemy.engine.Engine [raw sql] {}
2025-10-26 19:31:42,885 INFO sqlalchemy.engine.Engine show standard_conforming_strings
2025-10-26 19:31:42,885 INFO sqlalchemy.engine.Engine [raw sql] {}
2025-10-26 19:31:42,895 INFO sqlalchemy.engine.Engine BEGIN (implicit)
2025-10-26 19:31:42,899 INFO sqlalchemy.engine.Engine SELECT users.id AS users_id, users.email AS users_email, users.hashed_password AS users_hashed_password, users.name AS users_name, users.bio AS users_bio, users.avatar AS users_avatar, users.created_at AS users_created_at, users.last_login AS users_last_login, users.is_active AS users_is_active 
FROM users 
WHERE users.id = %(id_1)s::VARCHAR AND users.is_active = true 
 LIMIT %(param_1)s::INTEGER
2025-10-26 19:31:42,899 INFO sqlalchemy.engine.Engine [generated in 0.00019s] {'id_1': 'user_a8826615b32f414d', 'param_1': 1}
2025-10-26 19:31:42,913 INFO sqlalchemy.engine.Engine BEGIN (implicit)
2025-10-26 19:31:42,914 INFO sqlalchemy.engine.Engine SELECT events.id AS events_id, events.title AS events_title, events.category AS events_category, events.deadline AS events_deadline, events.visibility AS events_visibility, events.allow_vote AS events_allow_vote, events.final_decision AS events_final_decision, events.custom_center_lat AS events_custom_center_lat, events.custom_center_lng AS events_custom_center_lng, events.created_at AS events_created_at, events.expires_at AS events_expires_at, events.deleted_at AS events_deleted_at, events.created_by AS events_created_by 
FROM events 
WHERE events.id = %(id_1)s::VARCHAR AND events.deleted_at IS NULL 
 LIMIT %(param_1)s::INTEGER
2025-10-26 19:31:42,914 INFO sqlalchemy.engine.Engine [generated in 0.00010s] {'id_1': 'evt_90ad17a57dda4480', 'param_1': 1}
2025-10-26 19:31:42,919 INFO sqlalchemy.engine.Engine ROLLBACK
2025-10-26 19:31:42,919 INFO sqlalchemy.engine.Engine ROLLBACK
INFO:     127.0.0.1:49750 - "GET /api/v1/events/evt_90ad17a57dda4480 HTTP/1.1" 200 OK
INFO:     127.0.0.1:49746 - "GET /api/v1/auth/me HTTP/1.1" 200 OK
INFO:     127.0.0.1:49746 - "OPTIONS /api/v1/events/evt_90ad17a57dda4480/participants HTTP/1.1" 200 OK
2025-10-26 19:31:42,923 INFO sqlalchemy.engine.Engine BEGIN (implicit)
2025-10-26 19:31:42,923 INFO sqlalchemy.engine.Engine SELECT events.id AS events_id, events.title AS events_title, events.category AS events_category, events.deadline AS events_deadline, events.visibility AS events_visibility, events.allow_vote AS events_allow_vote, events.final_decision AS events_final_decision, events.custom_center_lat AS events_custom_center_lat, events.custom_center_lng AS events_custom_center_lng, events.created_at AS events_created_at, events.expires_at AS events_expires_at, events.deleted_at AS events_deleted_at, events.created_by AS events_created_by 
FROM events 
WHERE events.id = %(id_1)s::VARCHAR AND events.deleted_at IS NULL 
 LIMIT %(param_1)s::INTEGER
2025-10-26 19:31:42,923 INFO sqlalchemy.engine.Engine [cached since 0.009148s ago] {'id_1': 'evt_90ad17a57dda4480', 'param_1': 1}
2025-10-26 19:31:42,925 INFO sqlalchemy.engine.Engine SELECT participants.id AS participants_id, participants.event_id AS participants_event_id, participants.lat AS participants_lat, participants.lng AS participants_lng, participants.fuzzy_lat AS participants_fuzzy_lat, participants.fuzzy_lng AS participants_fuzzy_lng, participants.name AS participants_name, participants.address AS participants_address, participants.joined_at AS participants_joined_at 
FROM participants 
WHERE participants.event_id = %(event_id_1)s::VARCHAR
2025-10-26 19:31:42,925 INFO sqlalchemy.engine.Engine [generated in 0.00012s] {'event_id_1': 'evt_90ad17a57dda4480'}
2025-10-26 19:31:42,926 INFO sqlalchemy.engine.Engine ROLLBACK
INFO:     127.0.0.1:49750 - "GET /api/v1/events/evt_90ad17a57dda4480/participants HTTP/1.1" 200 OK
INFO:     127.0.0.1:49750 - "OPTIONS /api/v1/events/evt_90ad17a57dda4480/candidates HTTP/1.1" 200 OK
2025-10-26 19:31:42,930 INFO sqlalchemy.engine.Engine BEGIN (implicit)
2025-10-26 19:31:42,930 INFO sqlalchemy.engine.Engine SELECT events.id AS events_id, events.title AS events_title, events.category AS events_category, events.deadline AS events_deadline, events.visibility AS events_visibility, events.allow_vote AS events_allow_vote, events.final_decision AS events_final_decision, events.custom_center_lat AS events_custom_center_lat, events.custom_center_lng AS events_custom_center_lng, events.created_at AS events_created_at, events.expires_at AS events_expires_at, events.deleted_at AS events_deleted_at, events.created_by AS events_created_by 
FROM events 
WHERE events.id = %(id_1)s::VARCHAR AND events.deleted_at IS NULL 
 LIMIT %(param_1)s::INTEGER
2025-10-26 19:31:42,930 INFO sqlalchemy.engine.Engine [cached since 0.01603s ago] {'id_1': 'evt_90ad17a57dda4480', 'param_1': 1}
2025-10-26 19:31:42,934 INFO sqlalchemy.engine.Engine SELECT candidates.id AS candidates_id, candidates.event_id AS candidates_event_id, candidates.place_id AS candidates_place_id, candidates.name AS candidates_name, candidates.address AS candidates_address, candidates.lat AS candidates_lat, candidates.lng AS candidates_lng, candidates.rating AS candidates_rating, candidates.user_ratings_total AS candidates_user_ratings_total, candidates.distance_from_center AS candidates_distance_from_center, candidates.in_circle AS candidates_in_circle, candidates.opening_hours AS candidates_opening_hours, candidates.photo_reference AS candidates_photo_reference, candidates.added_by AS candidates_added_by, candidates.created_at AS candidates_created_at 
FROM candidates 
WHERE candidates.event_id = %(event_id_1)s::VARCHAR ORDER BY candidates.rating DESC
2025-10-26 19:31:42,934 INFO sqlalchemy.engine.Engine [generated in 0.00009s] {'event_id_1': 'evt_90ad17a57dda4480'}
2025-10-26 19:31:42,938 INFO sqlalchemy.engine.Engine SELECT votes.candidate_id AS votes_candidate_id, count(votes.id) AS vote_count 
FROM votes 
WHERE votes.candidate_id IN (%(candidate_id_1_1)s::VARCHAR, %(candidate_id_1_2)s::VARCHAR, %(candidate_id_1_3)s::VARCHAR, %(candidate_id_1_4)s::VARCHAR, %(candidate_id_1_5)s::VARCHAR, %(candidate_id_1_6)s::VARCHAR, %(candidate_id_1_7)s::VARCHAR, %(candidate_id_1_8)s::VARCHAR, %(candidate_id_1_9)s::VARCHAR, %(candidate_id_1_10)s::VARCHAR, %(candidate_id_1_11)s::VARCHAR, %(candidate_id_1_12)s::VARCHAR, %(candidate_id_1_13)s::VARCHAR, %(candidate_id_1_14)s::VARCHAR, %(candidate_id_1_15)s::VARCHAR, %(candidate_id_1_16)s::VARCHAR, %(candidate_id_1_17)s::VARCHAR, %(candidate_id_1_18)s::VARCHAR, %(candidate_id_1_19)s::VARCHAR, %(candidate_id_1_20)s::VARCHAR, %(candidate_id_1_21)s::VARCHAR, %(candidate_id_1_22)s::VARCHAR, %(candidate_id_1_23)s::VARCHAR, %(candidate_id_1_24)s::VARCHAR, %(candidate_id_1_25)s::VARCHAR, %(candidate_id_1_26)s::VARCHAR, %(candidate_id_1_27)s::VARCHAR, %(candidate_id_1_28)s::VARCHAR, %(candidate_id_1_29)s::VARCHAR, %(candidate_id_1_30)s::VARCHAR, %(candidate_id_1_31)s::VARCHAR, %(candidate_id_1_32)s::VARCHAR, %(candidate_id_1_33)s::VARCHAR, %(candidate_id_1_34)s::VARCHAR, %(candidate_id_1_35)s::VARCHAR, %(candidate_id_1_36)s::VARCHAR, %(candidate_id_1_37)s::VARCHAR, %(candidate_id_1_38)s::VARCHAR, %(candidate_id_1_39)s::VARCHAR, %(candidate_id_1_40)s::VARCHAR, %(candidate_id_1_41)s::VARCHAR, %(candidate_id_1_42)s::VARCHAR, %(candidate_id_1_43)s::VARCHAR, %(candidate_id_1_44)s::VARCHAR, %(candidate_id_1_45)s::VARCHAR, %(candidate_id_1_46)s::VARCHAR, %(candidate_id_1_47)s::VARCHAR, %(candidate_id_1_48)s::VARCHAR, %(candidate_id_1_49)s::VARCHAR, %(candidate_id_1_50)s::VARCHAR, %(candidate_id_1_51)s::VARCHAR, %(candidate_id_1_52)s::VARCHAR, %(candidate_id_1_53)s::VARCHAR, %(candidate_id_1_54)s::VARCHAR, %(candidate_id_1_55)s::VARCHAR, %(candidate_id_1_56)s::VARCHAR, %(candidate_id_1_57)s::VARCHAR, %(candidate_id_1_58)s::VARCHAR, %(candidate_id_1_59)s::VARCHAR) GROUP BY votes.candidate_id
2025-10-26 19:31:42,938 INFO sqlalchemy.engine.Engine [generated in 0.00021s] {'candidate_id_1_1': 'cand_evt_90ad17a57dda4480_ChIJJROT1yxf', 'candidate_id_1_2': 'cand_evt_90ad17a57dda4480_ChIJv1DNafRf', 'candidate_id_1_3': 'cand_evt_90ad17a57dda4480_ChIJMQKGg3Ff', 'candidate_id_1_4': 'cand_evt_90ad17a57dda4480_ChIJ79lCrc1Y', 'candidate_id_1_5': 'cand_evt_90ad17a57dda4480_ChIJicgjodRY', 'candidate_id_1_6': 'cand_evt_90ad17a57dda4480_ChIJpRK5SS5f', 'candidate_id_1_7': 'cand_evt_90ad17a57dda4480_ChIJN5xZFJRZ', 'candidate_id_1_8': 'cand_evt_90ad17a57dda4480_ChIJuYT7ZXpf', 'candidate_id_1_9': 'cand_evt_90ad17a57dda4480_ChIJrZS3dCRZ', 'candidate_id_1_10': 'cand_evt_90ad17a57dda4480_ChIJ4UMDmvtZ', 'candidate_id_1_11': 'cand_evt_90ad17a57dda4480_ChIJX3m3RoJf', 'candidate_id_1_12': 'cand_evt_90ad17a57dda4480_ChIJB8hMy4tf', 'candidate_id_1_13': 'cand_evt_90ad17a57dda4480_ChIJZVKQjtZe', 'candidate_id_1_14': 'cand_evt_90ad17a57dda4480_ChIJKePvPk5Z', 'candidate_id_1_15': 'cand_evt_90ad17a57dda4480_ChIJQ16ZBGhf', 'candidate_id_1_16': 'cand_evt_90ad17a57dda4480_ChIJ0T9xRi5f', 'candidate_id_1_17': 'cand_evt_90ad17a57dda4480_ChIJWXJ-2MhZ', 'candidate_id_1_18': 'cand_evt_90ad17a57dda4480_ChIJD0wDQFpZ', 'candidate_id_1_19': 'cand_evt_90ad17a57dda4480_ChIJEz0N7yVZ', 'candidate_id_1_20': 'cand_evt_90ad17a57dda4480_ChIJWTq1bSxf', 'candidate_id_1_21': 'cand_evt_90ad17a57dda4480_ChIJ9yi_ITdf', 'candidate_id_1_22': 'cand_evt_90ad17a57dda4480_ChIJJWxQSC5f', 'candidate_id_1_23': 'cand_evt_90ad17a57dda4480_ChIJcy1LrTBf', 'candidate_id_1_24': 'cand_evt_90ad17a57dda4480_ChIJcRXQOzdf', 'candidate_id_1_25': 'cand_evt_90ad17a57dda4480_ChIJpRaITSRZ', 'candidate_id_1_26': 'cand_evt_90ad17a57dda4480_ChIJBTuSXqhf', 'candidate_id_1_27': 'cand_evt_90ad17a57dda4480_ChIJXwfMPy5f', 'candidate_id_1_28': 'cand_evt_90ad17a57dda4480_ChIJe0qdh8JZ', 'candidate_id_1_29': 'cand_evt_90ad17a57dda4480_ChIJlXecQSpZ', 'candidate_id_1_30': 'cand_evt_90ad17a57dda4480_ChIJqe-Kai5f', 'candidate_id_1_31': 'cand_evt_90ad17a57dda4480_ChIJ5zpm8ChZ', 'candidate_id_1_32': 'cand_evt_90ad17a57dda4480_ChIJxaf4Ey5f', 'candidate_id_1_33': 'cand_evt_90ad17a57dda4480_ChIJsaCQ-vNZ', 'candidate_id_1_34': 'cand_evt_90ad17a57dda4480_ChIJA9zY7Sxf', 'candidate_id_1_35': 'cand_evt_90ad17a57dda4480_ChIJA0juKzBf', 'candidate_id_1_36': 'cand_evt_90ad17a57dda4480_ChIJN6wFwihZ', 'candidate_id_1_37': 'cand_evt_90ad17a57dda4480_ChIJHQIpg9NY', 'candidate_id_1_38': 'cand_evt_90ad17a57dda4480_ChIJK6yDNjdf', 'candidate_id_1_39': 'cand_evt_90ad17a57dda4480_ChIJ-_hEzDFf', 'candidate_id_1_40': 'cand_evt_90ad17a57dda4480_ChIJ8UEYhUBZ', 'candidate_id_1_41': 'cand_evt_90ad17a57dda4480_ChIJgW6HQC5f', 'candidate_id_1_42': 'cand_evt_90ad17a57dda4480_ChIJp438w91Z', 'candidate_id_1_43': 'cand_evt_90ad17a57dda4480_ChIJhVFByzVf', 'candidate_id_1_44': 'cand_evt_90ad17a57dda4480_ChIJRYEYl_xf', 'candidate_id_1_45': 'cand_evt_90ad17a57dda4480_ChIJzzk5JypZ', 'candidate_id_1_46': 'cand_evt_90ad17a57dda4480_ChIJNbpmRG5Z', 'candidate_id_1_47': 'cand_evt_90ad17a57dda4480_ChIJp9WpPSxZ', 'candidate_id_1_48': 'cand_evt_90ad17a57dda4480_ChIJ64EKfyxf', 'candidate_id_1_49': 'cand_evt_90ad17a57dda4480_ChIJNZMckVVZ', 'candidate_id_1_50': 'cand_evt_90ad17a57dda4480_ChIJp2voCzBZ', 'candidate_id_1_51': 'cand_evt_90ad17a57dda4480_ChIJxZ8_Mq1Z', 'candidate_id_1_52': 'cand_evt_90ad17a57dda4480_ChIJ_acaSDdf', 'candidate_id_1_53': 'cand_evt_90ad17a57dda4480_ChIJAemDtCxf', 'candidate_id_1_54': 'cand_evt_90ad17a57dda4480_ChIJkYuIpTVf', 'candidate_id_1_55': 'cand_evt_90ad17a57dda4480_ChIJp-yKmcVY', 'candidate_id_1_56': 'cand_evt_90ad17a57dda4480_ChIJE1CADS5f', 'candidate_id_1_57': 'cand_evt_90ad17a57dda4480_ChIJV1joCS5f', 'candidate_id_1_58': 'cand_evt_90ad17a57dda4480_ChIJnepkXDBf', 'candidate_id_1_59': 'cand_evt_90ad17a57dda4480_ChIJZfxRn-ZZ'}
2025-10-26 19:31:42,941 INFO sqlalchemy.engine.Engine ROLLBACK
INFO:     127.0.0.1:49746 - "GET /api/v1/events/evt_90ad17a57dda4480/candidates HTTP/1.1" 200 OK
2025-10-26 19:31:42,993 INFO sqlalchemy.engine.Engine BEGIN (implicit)
2025-10-26 19:31:42,993 INFO sqlalchemy.engine.Engine SELECT events.id AS events_id, events.title AS events_title, events.category AS events_category, events.deadline AS events_deadline, events.visibility AS events_visibility, events.allow_vote AS events_allow_vote, events.final_decision AS events_final_decision, events.custom_center_lat AS events_custom_center_lat, events.custom_center_lng AS events_custom_center_lng, events.created_at AS events_created_at, events.expires_at AS events_expires_at, events.deleted_at AS events_deleted_at, events.created_by AS events_created_by 
FROM events 
WHERE events.id = %(id_1)s::VARCHAR AND events.deleted_at IS NULL 
 LIMIT %(param_1)s::INTEGER
2025-10-26 19:31:42,993 INFO sqlalchemy.engine.Engine [cached since 0.07882s ago] {'id_1': 'evt_90ad17a57dda4480', 'param_1': 1}
2025-10-26 19:31:42,996 INFO sqlalchemy.engine.Engine ROLLBACK
INFO:     127.0.0.1:49746 - "GET /api/v1/events/evt_90ad17a57dda4480/stream HTTP/1.1" 200 OK
INFO:     127.0.0.1:49750 - "OPTIONS /api/v1/events/evt_90ad17a57dda4480/candidates/cand_evt_90ad17a57dda4480_ChIJWTq1bSxf/details HTTP/1.1" 200 OK
2025-10-26 19:31:47,587 INFO sqlalchemy.engine.Engine BEGIN (implicit)
2025-10-26 19:31:47,588 INFO sqlalchemy.engine.Engine SELECT candidates.id AS candidates_id, candidates.event_id AS candidates_event_id, candidates.place_id AS candidates_place_id, candidates.name AS candidates_name, candidates.address AS candidates_address, candidates.lat AS candidates_lat, candidates.lng AS candidates_lng, candidates.rating AS candidates_rating, candidates.user_ratings_total AS candidates_user_ratings_total, candidates.distance_from_center AS candidates_distance_from_center, candidates.in_circle AS candidates_in_circle, candidates.opening_hours AS candidates_opening_hours, candidates.photo_reference AS candidates_photo_reference, candidates.added_by AS candidates_added_by, candidates.created_at AS candidates_created_at 
FROM candidates 
WHERE candidates.id = %(id_1)s::VARCHAR AND candidates.event_id = %(event_id_1)s::VARCHAR 
 LIMIT %(param_1)s::INTEGER
2025-10-26 19:31:47,588 INFO sqlalchemy.engine.Engine [generated in 0.00019s] {'id_1': 'cand_evt_90ad17a57dda4480_ChIJWTq1bSxf', 'event_id_1': 'evt_90ad17a57dda4480', 'param_1': 1}
2025-10-26 19:31:47,843 INFO sqlalchemy.engine.Engine ROLLBACK
INFO:     127.0.0.1:49747 - "GET /api/v1/events/evt_90ad17a57dda4480/candidates/cand_evt_90ad17a57dda4480_ChIJWTq1bSxf/details HTTP/1.1" 200 OK
INFO:     127.0.0.1:49747 - "OPTIONS /api/v1/events/evt_90ad17a57dda4480/candidates/cand_evt_90ad17a57dda4480_ChIJp438w91Z/details HTTP/1.1" 200 OK
2025-10-26 19:31:52,016 INFO sqlalchemy.engine.Engine BEGIN (implicit)
2025-10-26 19:31:52,017 INFO sqlalchemy.engine.Engine SELECT candidates.id AS candidates_id, candidates.event_id AS candidates_event_id, candidates.place_id AS candidates_place_id, candidates.name AS candidates_name, candidates.address AS candidates_address, candidates.lat AS candidates_lat, candidates.lng AS candidates_lng, candidates.rating AS candidates_rating, candidates.user_ratings_total AS candidates_user_ratings_total, candidates.distance_from_center AS candidates_distance_from_center, candidates.in_circle AS candidates_in_circle, candidates.opening_hours AS candidates_opening_hours, candidates.photo_reference AS candidates_photo_reference, candidates.added_by AS candidates_added_by, candidates.created_at AS candidates_created_at 
FROM candidates 
WHERE candidates.id = %(id_1)s::VARCHAR AND candidates.event_id = %(event_id_1)s::VARCHAR 
 LIMIT %(param_1)s::INTEGER
2025-10-26 19:31:52,017 INFO sqlalchemy.engine.Engine [cached since 4.429s ago] {'id_1': 'cand_evt_90ad17a57dda4480_ChIJp438w91Z', 'event_id_1': 'evt_90ad17a57dda4480', 'param_1': 1}
2025-10-26 19:31:52,209 INFO sqlalchemy.engine.Engine ROLLBACK
INFO:     127.0.0.1:49750 - "GET /api/v1/events/evt_90ad17a57dda4480/candidates/cand_evt_90ad17a57dda4480_ChIJp438w91Z/details HTTP/1.1" 200 OK
2025-10-26 19:32:40,248 INFO sqlalchemy.engine.Engine BEGIN (implicit)
2025-10-26 19:32:40,248 INFO sqlalchemy.engine.Engine SELECT events.id AS events_id, events.title AS events_title, events.category AS events_category, events.deadline AS events_deadline, events.visibility AS events_visibility, events.allow_vote AS events_allow_vote, events.final_decision AS events_final_decision, events.custom_center_lat AS events_custom_center_lat, events.custom_center_lng AS events_custom_center_lng, events.created_at AS events_created_at, events.expires_at AS events_expires_at, events.deleted_at AS events_deleted_at, events.created_by AS events_created_by 
FROM events 
WHERE events.id = %(id_1)s::VARCHAR AND events.deleted_at IS NULL 
 LIMIT %(param_1)s::INTEGER
2025-10-26 19:32:40,248 INFO sqlalchemy.engine.Engine [cached since 57.33s ago] {'id_1': 'evt_90ad17a57dda4480', 'param_1': 1}
2025-10-26 19:32:40,250 INFO sqlalchemy.engine.Engine ROLLBACK
INFO:     127.0.0.1:49752 - "GET /api/v1/events/evt_90ad17a57dda4480 HTTP/1.1" 200 OK
2025-10-26 19:32:40,327 INFO sqlalchemy.engine.Engine BEGIN (implicit)
2025-10-26 19:32:40,327 INFO sqlalchemy.engine.Engine SELECT events.id AS events_id, events.title AS events_title, events.category AS events_category, events.deadline AS events_deadline, events.visibility AS events_visibility, events.allow_vote AS events_allow_vote, events.final_decision AS events_final_decision, events.custom_center_lat AS events_custom_center_lat, events.custom_center_lng AS events_custom_center_lng, events.created_at AS events_created_at, events.expires_at AS events_expires_at, events.deleted_at AS events_deleted_at, events.created_by AS events_created_by 
FROM events 
WHERE events.id = %(id_1)s::VARCHAR AND events.deleted_at IS NULL 
 LIMIT %(param_1)s::INTEGER
2025-10-26 19:32:40,327 INFO sqlalchemy.engine.Engine [cached since 57.41s ago] {'id_1': 'evt_90ad17a57dda4480', 'param_1': 1}
2025-10-26 19:32:40,329 INFO sqlalchemy.engine.Engine SELECT participants.id AS participants_id, participants.event_id AS participants_event_id, participants.lat AS participants_lat, participants.lng AS participants_lng, participants.fuzzy_lat AS participants_fuzzy_lat, participants.fuzzy_lng AS participants_fuzzy_lng, participants.name AS participants_name, participants.address AS participants_address, participants.joined_at AS participants_joined_at 
FROM participants 
WHERE participants.event_id = %(event_id_1)s::VARCHAR
2025-10-26 19:32:40,329 INFO sqlalchemy.engine.Engine [cached since 57.4s ago] {'event_id_1': 'evt_90ad17a57dda4480'}
2025-10-26 19:32:40,330 INFO sqlalchemy.engine.Engine ROLLBACK
INFO:     127.0.0.1:49752 - "GET /api/v1/events/evt_90ad17a57dda4480/participants HTTP/1.1" 200 OK
2025-10-26 19:32:40,783 INFO sqlalchemy.engine.Engine BEGIN (implicit)
2025-10-26 19:32:40,783 INFO sqlalchemy.engine.Engine SELECT events.id AS events_id, events.title AS events_title, events.category AS events_category, events.deadline AS events_deadline, events.visibility AS events_visibility, events.allow_vote AS events_allow_vote, events.final_decision AS events_final_decision, events.custom_center_lat AS events_custom_center_lat, events.custom_center_lng AS events_custom_center_lng, events.created_at AS events_created_at, events.expires_at AS events_expires_at, events.deleted_at AS events_deleted_at, events.created_by AS events_created_by 
FROM events 
WHERE events.id = %(id_1)s::VARCHAR AND events.deleted_at IS NULL 
 LIMIT %(param_1)s::INTEGER
2025-10-26 19:32:40,784 INFO sqlalchemy.engine.Engine [cached since 57.87s ago] {'id_1': 'evt_90ad17a57dda4480', 'param_1': 1}
2025-10-26 19:32:40,785 INFO sqlalchemy.engine.Engine SELECT candidates.id AS candidates_id, candidates.event_id AS candidates_event_id, candidates.place_id AS candidates_place_id, candidates.name AS candidates_name, candidates.address AS candidates_address, candidates.lat AS candidates_lat, candidates.lng AS candidates_lng, candidates.rating AS candidates_rating, candidates.user_ratings_total AS candidates_user_ratings_total, candidates.distance_from_center AS candidates_distance_from_center, candidates.in_circle AS candidates_in_circle, candidates.opening_hours AS candidates_opening_hours, candidates.photo_reference AS candidates_photo_reference, candidates.added_by AS candidates_added_by, candidates.created_at AS candidates_created_at 
FROM candidates 
WHERE candidates.event_id = %(event_id_1)s::VARCHAR ORDER BY candidates.rating DESC
2025-10-26 19:32:40,785 INFO sqlalchemy.engine.Engine [cached since 57.85s ago] {'event_id_1': 'evt_90ad17a57dda4480'}
2025-10-26 19:32:40,787 INFO sqlalchemy.engine.Engine SELECT votes.candidate_id AS votes_candidate_id, count(votes.id) AS vote_count 
FROM votes 
WHERE votes.candidate_id IN (%(candidate_id_1_1)s::VARCHAR, %(candidate_id_1_2)s::VARCHAR, %(candidate_id_1_3)s::VARCHAR, %(candidate_id_1_4)s::VARCHAR, %(candidate_id_1_5)s::VARCHAR, %(candidate_id_1_6)s::VARCHAR, %(candidate_id_1_7)s::VARCHAR, %(candidate_id_1_8)s::VARCHAR, %(candidate_id_1_9)s::VARCHAR, %(candidate_id_1_10)s::VARCHAR, %(candidate_id_1_11)s::VARCHAR, %(candidate_id_1_12)s::VARCHAR, %(candidate_id_1_13)s::VARCHAR, %(candidate_id_1_14)s::VARCHAR, %(candidate_id_1_15)s::VARCHAR, %(candidate_id_1_16)s::VARCHAR, %(candidate_id_1_17)s::VARCHAR, %(candidate_id_1_18)s::VARCHAR, %(candidate_id_1_19)s::VARCHAR, %(candidate_id_1_20)s::VARCHAR, %(candidate_id_1_21)s::VARCHAR, %(candidate_id_1_22)s::VARCHAR, %(candidate_id_1_23)s::VARCHAR, %(candidate_id_1_24)s::VARCHAR, %(candidate_id_1_25)s::VARCHAR, %(candidate_id_1_26)s::VARCHAR, %(candidate_id_1_27)s::VARCHAR, %(candidate_id_1_28)s::VARCHAR, %(candidate_id_1_29)s::VARCHAR, %(candidate_id_1_30)s::VARCHAR, %(candidate_id_1_31)s::VARCHAR, %(candidate_id_1_32)s::VARCHAR, %(candidate_id_1_33)s::VARCHAR, %(candidate_id_1_34)s::VARCHAR, %(candidate_id_1_35)s::VARCHAR, %(candidate_id_1_36)s::VARCHAR, %(candidate_id_1_37)s::VARCHAR, %(candidate_id_1_38)s::VARCHAR, %(candidate_id_1_39)s::VARCHAR, %(candidate_id_1_40)s::VARCHAR, %(candidate_id_1_41)s::VARCHAR, %(candidate_id_1_42)s::VARCHAR, %(candidate_id_1_43)s::VARCHAR, %(candidate_id_1_44)s::VARCHAR, %(candidate_id_1_45)s::VARCHAR, %(candidate_id_1_46)s::VARCHAR, %(candidate_id_1_47)s::VARCHAR, %(candidate_id_1_48)s::VARCHAR, %(candidate_id_1_49)s::VARCHAR, %(candidate_id_1_50)s::VARCHAR, %(candidate_id_1_51)s::VARCHAR, %(candidate_id_1_52)s::VARCHAR, %(candidate_id_1_53)s::VARCHAR, %(candidate_id_1_54)s::VARCHAR, %(candidate_id_1_55)s::VARCHAR, %(candidate_id_1_56)s::VARCHAR, %(candidate_id_1_57)s::VARCHAR, %(candidate_id_1_58)s::VARCHAR, %(candidate_id_1_59)s::VARCHAR) GROUP BY votes.candidate_id
2025-10-26 19:32:40,788 INFO sqlalchemy.engine.Engine [cached since 57.85s ago] {'candidate_id_1_1': 'cand_evt_90ad17a57dda4480_ChIJJROT1yxf', 'candidate_id_1_2': 'cand_evt_90ad17a57dda4480_ChIJv1DNafRf', 'candidate_id_1_3': 'cand_evt_90ad17a57dda4480_ChIJMQKGg3Ff', 'candidate_id_1_4': 'cand_evt_90ad17a57dda4480_ChIJ79lCrc1Y', 'candidate_id_1_5': 'cand_evt_90ad17a57dda4480_ChIJicgjodRY', 'candidate_id_1_6': 'cand_evt_90ad17a57dda4480_ChIJpRK5SS5f', 'candidate_id_1_7': 'cand_evt_90ad17a57dda4480_ChIJN5xZFJRZ', 'candidate_id_1_8': 'cand_evt_90ad17a57dda4480_ChIJuYT7ZXpf', 'candidate_id_1_9': 'cand_evt_90ad17a57dda4480_ChIJrZS3dCRZ', 'candidate_id_1_10': 'cand_evt_90ad17a57dda4480_ChIJ4UMDmvtZ', 'candidate_id_1_11': 'cand_evt_90ad17a57dda4480_ChIJX3m3RoJf', 'candidate_id_1_12': 'cand_evt_90ad17a57dda4480_ChIJB8hMy4tf', 'candidate_id_1_13': 'cand_evt_90ad17a57dda4480_ChIJZVKQjtZe', 'candidate_id_1_14': 'cand_evt_90ad17a57dda4480_ChIJKePvPk5Z', 'candidate_id_1_15': 'cand_evt_90ad17a57dda4480_ChIJQ16ZBGhf', 'candidate_id_1_16': 'cand_evt_90ad17a57dda4480_ChIJ0T9xRi5f', 'candidate_id_1_17': 'cand_evt_90ad17a57dda4480_ChIJWXJ-2MhZ', 'candidate_id_1_18': 'cand_evt_90ad17a57dda4480_ChIJD0wDQFpZ', 'candidate_id_1_19': 'cand_evt_90ad17a57dda4480_ChIJEz0N7yVZ', 'candidate_id_1_20': 'cand_evt_90ad17a57dda4480_ChIJWTq1bSxf', 'candidate_id_1_21': 'cand_evt_90ad17a57dda4480_ChIJ9yi_ITdf', 'candidate_id_1_22': 'cand_evt_90ad17a57dda4480_ChIJJWxQSC5f', 'candidate_id_1_23': 'cand_evt_90ad17a57dda4480_ChIJcy1LrTBf', 'candidate_id_1_24': 'cand_evt_90ad17a57dda4480_ChIJcRXQOzdf', 'candidate_id_1_25': 'cand_evt_90ad17a57dda4480_ChIJpRaITSRZ', 'candidate_id_1_26': 'cand_evt_90ad17a57dda4480_ChIJBTuSXqhf', 'candidate_id_1_27': 'cand_evt_90ad17a57dda4480_ChIJXwfMPy5f', 'candidate_id_1_28': 'cand_evt_90ad17a57dda4480_ChIJe0qdh8JZ', 'candidate_id_1_29': 'cand_evt_90ad17a57dda4480_ChIJlXecQSpZ', 'candidate_id_1_30': 'cand_evt_90ad17a57dda4480_ChIJqe-Kai5f', 'candidate_id_1_31': 'cand_evt_90ad17a57dda4480_ChIJ5zpm8ChZ', 'candidate_id_1_32': 'cand_evt_90ad17a57dda4480_ChIJxaf4Ey5f', 'candidate_id_1_33': 'cand_evt_90ad17a57dda4480_ChIJsaCQ-vNZ', 'candidate_id_1_34': 'cand_evt_90ad17a57dda4480_ChIJA9zY7Sxf', 'candidate_id_1_35': 'cand_evt_90ad17a57dda4480_ChIJA0juKzBf', 'candidate_id_1_36': 'cand_evt_90ad17a57dda4480_ChIJN6wFwihZ', 'candidate_id_1_37': 'cand_evt_90ad17a57dda4480_ChIJHQIpg9NY', 'candidate_id_1_38': 'cand_evt_90ad17a57dda4480_ChIJK6yDNjdf', 'candidate_id_1_39': 'cand_evt_90ad17a57dda4480_ChIJ-_hEzDFf', 'candidate_id_1_40': 'cand_evt_90ad17a57dda4480_ChIJ8UEYhUBZ', 'candidate_id_1_41': 'cand_evt_90ad17a57dda4480_ChIJgW6HQC5f', 'candidate_id_1_42': 'cand_evt_90ad17a57dda4480_ChIJp438w91Z', 'candidate_id_1_43': 'cand_evt_90ad17a57dda4480_ChIJhVFByzVf', 'candidate_id_1_44': 'cand_evt_90ad17a57dda4480_ChIJRYEYl_xf', 'candidate_id_1_45': 'cand_evt_90ad17a57dda4480_ChIJzzk5JypZ', 'candidate_id_1_46': 'cand_evt_90ad17a57dda4480_ChIJNbpmRG5Z', 'candidate_id_1_47': 'cand_evt_90ad17a57dda4480_ChIJp9WpPSxZ', 'candidate_id_1_48': 'cand_evt_90ad17a57dda4480_ChIJ64EKfyxf', 'candidate_id_1_49': 'cand_evt_90ad17a57dda4480_ChIJNZMckVVZ', 'candidate_id_1_50': 'cand_evt_90ad17a57dda4480_ChIJp2voCzBZ', 'candidate_id_1_51': 'cand_evt_90ad17a57dda4480_ChIJxZ8_Mq1Z', 'candidate_id_1_52': 'cand_evt_90ad17a57dda4480_ChIJ_acaSDdf', 'candidate_id_1_53': 'cand_evt_90ad17a57dda4480_ChIJAemDtCxf', 'candidate_id_1_54': 'cand_evt_90ad17a57dda4480_ChIJkYuIpTVf', 'candidate_id_1_55': 'cand_evt_90ad17a57dda4480_ChIJp-yKmcVY', 'candidate_id_1_56': 'cand_evt_90ad17a57dda4480_ChIJE1CADS5f', 'candidate_id_1_57': 'cand_evt_90ad17a57dda4480_ChIJV1joCS5f', 'candidate_id_1_58': 'cand_evt_90ad17a57dda4480_ChIJnepkXDBf', 'candidate_id_1_59': 'cand_evt_90ad17a57dda4480_ChIJZfxRn-ZZ'}
2025-10-26 19:32:40,791 INFO sqlalchemy.engine.Engine ROLLBACK
INFO:     127.0.0.1:49752 - "GET /api/v1/events/evt_90ad17a57dda4480/candidates HTTP/1.1" 200 OK
INFO:     127.0.0.1:49752 - "OPTIONS /api/v1/events/evt_90ad17a57dda4480/votes?participant_id=p_f2acd82a1ec3 HTTP/1.1" 200 OK
2025-10-26 19:32:40,861 INFO sqlalchemy.engine.Engine BEGIN (implicit)
2025-10-26 19:32:40,861 INFO sqlalchemy.engine.Engine SELECT votes.id AS votes_id, votes.event_id AS votes_event_id, votes.participant_id AS votes_participant_id, votes.candidate_id AS votes_candidate_id, votes.voted_at AS votes_voted_at 
FROM votes 
WHERE votes.event_id = %(event_id_1)s::VARCHAR AND votes.participant_id = %(participant_id_1)s::VARCHAR
2025-10-26 19:32:40,861 INFO sqlalchemy.engine.Engine [generated in 0.00014s] {'event_id_1': 'evt_90ad17a57dda4480', 'participant_id_1': 'p_f2acd82a1ec3'}
2025-10-26 19:32:40,864 INFO sqlalchemy.engine.Engine ROLLBACK
INFO:     127.0.0.1:49752 - "GET /api/v1/events/evt_90ad17a57dda4480/votes?participant_id=p_f2acd82a1ec3 HTTP/1.1" 200 OK
2025-10-26 19:32:40,921 INFO sqlalchemy.engine.Engine BEGIN (implicit)
2025-10-26 19:32:40,921 INFO sqlalchemy.engine.Engine SELECT events.id AS events_id, events.title AS events_title, events.category AS events_category, events.deadline AS events_deadline, events.visibility AS events_visibility, events.allow_vote AS events_allow_vote, events.final_decision AS events_final_decision, events.custom_center_lat AS events_custom_center_lat, events.custom_center_lng AS events_custom_center_lng, events.created_at AS events_created_at, events.expires_at AS events_expires_at, events.deleted_at AS events_deleted_at, events.created_by AS events_created_by 
FROM events 
WHERE events.id = %(id_1)s::VARCHAR AND events.deleted_at IS NULL 
 LIMIT %(param_1)s::INTEGER
2025-10-26 19:32:40,921 INFO sqlalchemy.engine.Engine [cached since 58.01s ago] {'id_1': 'evt_90ad17a57dda4480', 'param_1': 1}
2025-10-26 19:32:40,922 INFO sqlalchemy.engine.Engine ROLLBACK
INFO:     127.0.0.1:49752 - "GET /api/v1/events/evt_90ad17a57dda4480/stream HTTP/1.1" 200 OK
2025-10-26 19:34:05,442 INFO sqlalchemy.engine.Engine BEGIN (implicit)
2025-10-26 19:34:05,442 INFO sqlalchemy.engine.Engine SELECT users.id AS users_id, users.email AS users_email, users.hashed_password AS users_hashed_password, users.name AS users_name, users.bio AS users_bio, users.avatar AS users_avatar, users.created_at AS users_created_at, users.last_login AS users_last_login, users.is_active AS users_is_active 
FROM users 
WHERE users.id = %(id_1)s::VARCHAR AND users.is_active = true 
 LIMIT %(param_1)s::INTEGER
2025-10-26 19:34:05,442 INFO sqlalchemy.engine.Engine [cached since 142.5s ago] {'id_1': 'user_a8826615b32f414d', 'param_1': 1}
2025-10-26 19:34:05,445 INFO sqlalchemy.engine.Engine ROLLBACK
2025-10-26 19:34:05,447 INFO sqlalchemy.engine.Engine BEGIN (implicit)
2025-10-26 19:34:05,448 INFO sqlalchemy.engine.Engine SELECT events.id AS events_id, events.title AS events_title, events.category AS events_category, events.deadline AS events_deadline, events.visibility AS events_visibility, events.allow_vote AS events_allow_vote, events.final_decision AS events_final_decision, events.custom_center_lat AS events_custom_center_lat, events.custom_center_lng AS events_custom_center_lng, events.created_at AS events_created_at, events.expires_at AS events_expires_at, events.deleted_at AS events_deleted_at, events.created_by AS events_created_by 
FROM events 
WHERE events.id = %(id_1)s::VARCHAR AND events.deleted_at IS NULL 
 LIMIT %(param_1)s::INTEGER
2025-10-26 19:34:05,448 INFO sqlalchemy.engine.Engine [cached since 142.5s ago] {'id_1': 'evt_90ad17a57dda4480', 'param_1': 1}
INFO:     127.0.0.1:50488 - "GET /api/v1/auth/me HTTP/1.1" 200 OK
2025-10-26 19:34:05,450 INFO sqlalchemy.engine.Engine ROLLBACK
INFO:     127.0.0.1:50491 - "GET /api/v1/events/evt_90ad17a57dda4480 HTTP/1.1" 200 OK
2025-10-26 19:34:05,453 INFO sqlalchemy.engine.Engine BEGIN (implicit)
2025-10-26 19:34:05,454 INFO sqlalchemy.engine.Engine SELECT events.id AS events_id, events.title AS events_title, events.category AS events_category, events.deadline AS events_deadline, events.visibility AS events_visibility, events.allow_vote AS events_allow_vote, events.final_decision AS events_final_decision, events.custom_center_lat AS events_custom_center_lat, events.custom_center_lng AS events_custom_center_lng, events.created_at AS events_created_at, events.expires_at AS events_expires_at, events.deleted_at AS events_deleted_at, events.created_by AS events_created_by 
FROM events 
WHERE events.id = %(id_1)s::VARCHAR AND events.deleted_at IS NULL 
 LIMIT %(param_1)s::INTEGER
2025-10-26 19:34:05,454 INFO sqlalchemy.engine.Engine [cached since 142.5s ago] {'id_1': 'evt_90ad17a57dda4480', 'param_1': 1}
2025-10-26 19:34:05,455 INFO sqlalchemy.engine.Engine SELECT participants.id AS participants_id, participants.event_id AS participants_event_id, participants.lat AS participants_lat, participants.lng AS participants_lng, participants.fuzzy_lat AS participants_fuzzy_lat, participants.fuzzy_lng AS participants_fuzzy_lng, participants.name AS participants_name, participants.address AS participants_address, participants.joined_at AS participants_joined_at 
FROM participants 
WHERE participants.event_id = %(event_id_1)s::VARCHAR
2025-10-26 19:34:05,455 INFO sqlalchemy.engine.Engine [cached since 142.5s ago] {'event_id_1': 'evt_90ad17a57dda4480'}
2025-10-26 19:34:05,456 INFO sqlalchemy.engine.Engine ROLLBACK
INFO:     127.0.0.1:50491 - "GET /api/v1/events/evt_90ad17a57dda4480/participants HTTP/1.1" 200 OK
2025-10-26 19:34:05,459 INFO sqlalchemy.engine.Engine BEGIN (implicit)
2025-10-26 19:34:05,459 INFO sqlalchemy.engine.Engine SELECT events.id AS events_id, events.title AS events_title, events.category AS events_category, events.deadline AS events_deadline, events.visibility AS events_visibility, events.allow_vote AS events_allow_vote, events.final_decision AS events_final_decision, events.custom_center_lat AS events_custom_center_lat, events.custom_center_lng AS events_custom_center_lng, events.created_at AS events_created_at, events.expires_at AS events_expires_at, events.deleted_at AS events_deleted_at, events.created_by AS events_created_by 
FROM events 
WHERE events.id = %(id_1)s::VARCHAR AND events.deleted_at IS NULL 
 LIMIT %(param_1)s::INTEGER
2025-10-26 19:34:05,459 INFO sqlalchemy.engine.Engine [cached since 142.5s ago] {'id_1': 'evt_90ad17a57dda4480', 'param_1': 1}
2025-10-26 19:34:05,461 INFO sqlalchemy.engine.Engine SELECT candidates.id AS candidates_id, candidates.event_id AS candidates_event_id, candidates.place_id AS candidates_place_id, candidates.name AS candidates_name, candidates.address AS candidates_address, candidates.lat AS candidates_lat, candidates.lng AS candidates_lng, candidates.rating AS candidates_rating, candidates.user_ratings_total AS candidates_user_ratings_total, candidates.distance_from_center AS candidates_distance_from_center, candidates.in_circle AS candidates_in_circle, candidates.opening_hours AS candidates_opening_hours, candidates.photo_reference AS candidates_photo_reference, candidates.added_by AS candidates_added_by, candidates.created_at AS candidates_created_at 
FROM candidates 
WHERE candidates.event_id = %(event_id_1)s::VARCHAR ORDER BY candidates.rating DESC
2025-10-26 19:34:05,461 INFO sqlalchemy.engine.Engine [cached since 142.5s ago] {'event_id_1': 'evt_90ad17a57dda4480'}
2025-10-26 19:34:05,464 INFO sqlalchemy.engine.Engine SELECT votes.candidate_id AS votes_candidate_id, count(votes.id) AS vote_count 
FROM votes 
WHERE votes.candidate_id IN (%(candidate_id_1_1)s::VARCHAR, %(candidate_id_1_2)s::VARCHAR, %(candidate_id_1_3)s::VARCHAR, %(candidate_id_1_4)s::VARCHAR, %(candidate_id_1_5)s::VARCHAR, %(candidate_id_1_6)s::VARCHAR, %(candidate_id_1_7)s::VARCHAR, %(candidate_id_1_8)s::VARCHAR, %(candidate_id_1_9)s::VARCHAR, %(candidate_id_1_10)s::VARCHAR, %(candidate_id_1_11)s::VARCHAR, %(candidate_id_1_12)s::VARCHAR, %(candidate_id_1_13)s::VARCHAR, %(candidate_id_1_14)s::VARCHAR, %(candidate_id_1_15)s::VARCHAR, %(candidate_id_1_16)s::VARCHAR, %(candidate_id_1_17)s::VARCHAR, %(candidate_id_1_18)s::VARCHAR, %(candidate_id_1_19)s::VARCHAR, %(candidate_id_1_20)s::VARCHAR, %(candidate_id_1_21)s::VARCHAR, %(candidate_id_1_22)s::VARCHAR, %(candidate_id_1_23)s::VARCHAR, %(candidate_id_1_24)s::VARCHAR, %(candidate_id_1_25)s::VARCHAR, %(candidate_id_1_26)s::VARCHAR, %(candidate_id_1_27)s::VARCHAR, %(candidate_id_1_28)s::VARCHAR, %(candidate_id_1_29)s::VARCHAR, %(candidate_id_1_30)s::VARCHAR, %(candidate_id_1_31)s::VARCHAR, %(candidate_id_1_32)s::VARCHAR, %(candidate_id_1_33)s::VARCHAR, %(candidate_id_1_34)s::VARCHAR, %(candidate_id_1_35)s::VARCHAR, %(candidate_id_1_36)s::VARCHAR, %(candidate_id_1_37)s::VARCHAR, %(candidate_id_1_38)s::VARCHAR, %(candidate_id_1_39)s::VARCHAR, %(candidate_id_1_40)s::VARCHAR, %(candidate_id_1_41)s::VARCHAR, %(candidate_id_1_42)s::VARCHAR, %(candidate_id_1_43)s::VARCHAR, %(candidate_id_1_44)s::VARCHAR, %(candidate_id_1_45)s::VARCHAR, %(candidate_id_1_46)s::VARCHAR, %(candidate_id_1_47)s::VARCHAR, %(candidate_id_1_48)s::VARCHAR, %(candidate_id_1_49)s::VARCHAR, %(candidate_id_1_50)s::VARCHAR, %(candidate_id_1_51)s::VARCHAR, %(candidate_id_1_52)s::VARCHAR, %(candidate_id_1_53)s::VARCHAR, %(candidate_id_1_54)s::VARCHAR, %(candidate_id_1_55)s::VARCHAR, %(candidate_id_1_56)s::VARCHAR, %(candidate_id_1_57)s::VARCHAR, %(candidate_id_1_58)s::VARCHAR, %(candidate_id_1_59)s::VARCHAR) GROUP BY votes.candidate_id
2025-10-26 19:34:05,464 INFO sqlalchemy.engine.Engine [cached since 142.5s ago] {'candidate_id_1_1': 'cand_evt_90ad17a57dda4480_ChIJJROT1yxf', 'candidate_id_1_2': 'cand_evt_90ad17a57dda4480_ChIJv1DNafRf', 'candidate_id_1_3': 'cand_evt_90ad17a57dda4480_ChIJMQKGg3Ff', 'candidate_id_1_4': 'cand_evt_90ad17a57dda4480_ChIJ79lCrc1Y', 'candidate_id_1_5': 'cand_evt_90ad17a57dda4480_ChIJicgjodRY', 'candidate_id_1_6': 'cand_evt_90ad17a57dda4480_ChIJpRK5SS5f', 'candidate_id_1_7': 'cand_evt_90ad17a57dda4480_ChIJN5xZFJRZ', 'candidate_id_1_8': 'cand_evt_90ad17a57dda4480_ChIJuYT7ZXpf', 'candidate_id_1_9': 'cand_evt_90ad17a57dda4480_ChIJrZS3dCRZ', 'candidate_id_1_10': 'cand_evt_90ad17a57dda4480_ChIJ4UMDmvtZ', 'candidate_id_1_11': 'cand_evt_90ad17a57dda4480_ChIJX3m3RoJf', 'candidate_id_1_12': 'cand_evt_90ad17a57dda4480_ChIJB8hMy4tf', 'candidate_id_1_13': 'cand_evt_90ad17a57dda4480_ChIJZVKQjtZe', 'candidate_id_1_14': 'cand_evt_90ad17a57dda4480_ChIJKePvPk5Z', 'candidate_id_1_15': 'cand_evt_90ad17a57dda4480_ChIJQ16ZBGhf', 'candidate_id_1_16': 'cand_evt_90ad17a57dda4480_ChIJ0T9xRi5f', 'candidate_id_1_17': 'cand_evt_90ad17a57dda4480_ChIJWXJ-2MhZ', 'candidate_id_1_18': 'cand_evt_90ad17a57dda4480_ChIJD0wDQFpZ', 'candidate_id_1_19': 'cand_evt_90ad17a57dda4480_ChIJEz0N7yVZ', 'candidate_id_1_20': 'cand_evt_90ad17a57dda4480_ChIJWTq1bSxf', 'candidate_id_1_21': 'cand_evt_90ad17a57dda4480_ChIJ9yi_ITdf', 'candidate_id_1_22': 'cand_evt_90ad17a57dda4480_ChIJJWxQSC5f', 'candidate_id_1_23': 'cand_evt_90ad17a57dda4480_ChIJcy1LrTBf', 'candidate_id_1_24': 'cand_evt_90ad17a57dda4480_ChIJcRXQOzdf', 'candidate_id_1_25': 'cand_evt_90ad17a57dda4480_ChIJpRaITSRZ', 'candidate_id_1_26': 'cand_evt_90ad17a57dda4480_ChIJBTuSXqhf', 'candidate_id_1_27': 'cand_evt_90ad17a57dda4480_ChIJXwfMPy5f', 'candidate_id_1_28': 'cand_evt_90ad17a57dda4480_ChIJe0qdh8JZ', 'candidate_id_1_29': 'cand_evt_90ad17a57dda4480_ChIJlXecQSpZ', 'candidate_id_1_30': 'cand_evt_90ad17a57dda4480_ChIJqe-Kai5f', 'candidate_id_1_31': 'cand_evt_90ad17a57dda4480_ChIJ5zpm8ChZ', 'candidate_id_1_32': 'cand_evt_90ad17a57dda4480_ChIJxaf4Ey5f', 'candidate_id_1_33': 'cand_evt_90ad17a57dda4480_ChIJsaCQ-vNZ', 'candidate_id_1_34': 'cand_evt_90ad17a57dda4480_ChIJA9zY7Sxf', 'candidate_id_1_35': 'cand_evt_90ad17a57dda4480_ChIJA0juKzBf', 'candidate_id_1_36': 'cand_evt_90ad17a57dda4480_ChIJN6wFwihZ', 'candidate_id_1_37': 'cand_evt_90ad17a57dda4480_ChIJHQIpg9NY', 'candidate_id_1_38': 'cand_evt_90ad17a57dda4480_ChIJK6yDNjdf', 'candidate_id_1_39': 'cand_evt_90ad17a57dda4480_ChIJ-_hEzDFf', 'candidate_id_1_40': 'cand_evt_90ad17a57dda4480_ChIJ8UEYhUBZ', 'candidate_id_1_41': 'cand_evt_90ad17a57dda4480_ChIJgW6HQC5f', 'candidate_id_1_42': 'cand_evt_90ad17a57dda4480_ChIJp438w91Z', 'candidate_id_1_43': 'cand_evt_90ad17a57dda4480_ChIJhVFByzVf', 'candidate_id_1_44': 'cand_evt_90ad17a57dda4480_ChIJRYEYl_xf', 'candidate_id_1_45': 'cand_evt_90ad17a57dda4480_ChIJzzk5JypZ', 'candidate_id_1_46': 'cand_evt_90ad17a57dda4480_ChIJNbpmRG5Z', 'candidate_id_1_47': 'cand_evt_90ad17a57dda4480_ChIJp9WpPSxZ', 'candidate_id_1_48': 'cand_evt_90ad17a57dda4480_ChIJ64EKfyxf', 'candidate_id_1_49': 'cand_evt_90ad17a57dda4480_ChIJNZMckVVZ', 'candidate_id_1_50': 'cand_evt_90ad17a57dda4480_ChIJp2voCzBZ', 'candidate_id_1_51': 'cand_evt_90ad17a57dda4480_ChIJxZ8_Mq1Z', 'candidate_id_1_52': 'cand_evt_90ad17a57dda4480_ChIJ_acaSDdf', 'candidate_id_1_53': 'cand_evt_90ad17a57dda4480_ChIJAemDtCxf', 'candidate_id_1_54': 'cand_evt_90ad17a57dda4480_ChIJkYuIpTVf', 'candidate_id_1_55': 'cand_evt_90ad17a57dda4480_ChIJp-yKmcVY', 'candidate_id_1_56': 'cand_evt_90ad17a57dda4480_ChIJE1CADS5f', 'candidate_id_1_57': 'cand_evt_90ad17a57dda4480_ChIJV1joCS5f', 'candidate_id_1_58': 'cand_evt_90ad17a57dda4480_ChIJnepkXDBf', 'candidate_id_1_59': 'cand_evt_90ad17a57dda4480_ChIJZfxRn-ZZ'}
2025-10-26 19:34:05,466 INFO sqlalchemy.engine.Engine ROLLBACK
INFO:     127.0.0.1:50491 - "GET /api/v1/events/evt_90ad17a57dda4480/candidates HTTP/1.1" 200 OK
2025-10-26 19:34:05,478 INFO sqlalchemy.engine.Engine BEGIN (implicit)
2025-10-26 19:34:05,479 INFO sqlalchemy.engine.Engine SELECT events.id AS events_id, events.title AS events_title, events.category AS events_category, events.deadline AS events_deadline, events.visibility AS events_visibility, events.allow_vote AS events_allow_vote, events.final_decision AS events_final_decision, events.custom_center_lat AS events_custom_center_lat, events.custom_center_lng AS events_custom_center_lng, events.created_at AS events_created_at, events.expires_at AS events_expires_at, events.deleted_at AS events_deleted_at, events.created_by AS events_created_by 
FROM events 
WHERE events.id = %(id_1)s::VARCHAR AND events.deleted_at IS NULL 
 LIMIT %(param_1)s::INTEGER
2025-10-26 19:34:05,479 INFO sqlalchemy.engine.Engine [cached since 142.6s ago] {'id_1': 'evt_90ad17a57dda4480', 'param_1': 1}
2025-10-26 19:34:05,480 INFO sqlalchemy.engine.Engine ROLLBACK
INFO:     127.0.0.1:50491 - "GET /api/v1/events/evt_90ad17a57dda4480/stream HTTP/1.1" 200 OK
2025-10-26 19:34:19,844 INFO sqlalchemy.engine.Engine BEGIN (implicit)
2025-10-26 19:34:19,844 INFO sqlalchemy.engine.Engine SELECT users.id AS users_id, users.email AS users_email, users.hashed_password AS users_hashed_password, users.name AS users_name, users.bio AS users_bio, users.avatar AS users_avatar, users.created_at AS users_created_at, users.last_login AS users_last_login, users.is_active AS users_is_active 
FROM users 
WHERE users.id = %(id_1)s::VARCHAR AND users.is_active = true 
 LIMIT %(param_1)s::INTEGER
2025-10-26 19:34:19,845 INFO sqlalchemy.engine.Engine [cached since 156.9s ago] {'id_1': 'user_a8826615b32f414d', 'param_1': 1}
2025-10-26 19:34:19,850 INFO sqlalchemy.engine.Engine BEGIN (implicit)
2025-10-26 19:34:19,850 INFO sqlalchemy.engine.Engine SELECT events.id AS events_id, events.title AS events_title, events.category AS events_category, events.deadline AS events_deadline, events.visibility AS events_visibility, events.allow_vote AS events_allow_vote, events.final_decision AS events_final_decision, events.custom_center_lat AS events_custom_center_lat, events.custom_center_lng AS events_custom_center_lng, events.created_at AS events_created_at, events.expires_at AS events_expires_at, events.deleted_at AS events_deleted_at, events.created_by AS events_created_by 
FROM events 
WHERE events.id = %(id_1)s::VARCHAR AND events.deleted_at IS NULL 
 LIMIT %(param_1)s::INTEGER
2025-10-26 19:34:19,851 INFO sqlalchemy.engine.Engine [cached since 156.9s ago] {'id_1': 'evt_90ad17a57dda4480', 'param_1': 1}
2025-10-26 19:34:19,852 INFO sqlalchemy.engine.Engine ROLLBACK
2025-10-26 19:34:19,852 INFO sqlalchemy.engine.Engine ROLLBACK
INFO:     127.0.0.1:50581 - "GET /api/v1/auth/me HTTP/1.1" 200 OK
INFO:     127.0.0.1:50582 - "GET /api/v1/events/evt_90ad17a57dda4480 HTTP/1.1" 200 OK
2025-10-26 19:34:19,856 INFO sqlalchemy.engine.Engine BEGIN (implicit)
2025-10-26 19:34:19,856 INFO sqlalchemy.engine.Engine SELECT events.id AS events_id, events.title AS events_title, events.category AS events_category, events.deadline AS events_deadline, events.visibility AS events_visibility, events.allow_vote AS events_allow_vote, events.final_decision AS events_final_decision, events.custom_center_lat AS events_custom_center_lat, events.custom_center_lng AS events_custom_center_lng, events.created_at AS events_created_at, events.expires_at AS events_expires_at, events.deleted_at AS events_deleted_at, events.created_by AS events_created_by 
FROM events 
WHERE events.id = %(id_1)s::VARCHAR AND events.deleted_at IS NULL 
 LIMIT %(param_1)s::INTEGER
2025-10-26 19:34:19,856 INFO sqlalchemy.engine.Engine [cached since 156.9s ago] {'id_1': 'evt_90ad17a57dda4480', 'param_1': 1}
2025-10-26 19:34:19,857 INFO sqlalchemy.engine.Engine SELECT participants.id AS participants_id, participants.event_id AS participants_event_id, participants.lat AS participants_lat, participants.lng AS participants_lng, participants.fuzzy_lat AS participants_fuzzy_lat, participants.fuzzy_lng AS participants_fuzzy_lng, participants.name AS participants_name, participants.address AS participants_address, participants.joined_at AS participants_joined_at 
FROM participants 
WHERE participants.event_id = %(event_id_1)s::VARCHAR
2025-10-26 19:34:19,857 INFO sqlalchemy.engine.Engine [cached since 156.9s ago] {'event_id_1': 'evt_90ad17a57dda4480'}
2025-10-26 19:34:19,859 INFO sqlalchemy.engine.Engine ROLLBACK
INFO:     127.0.0.1:50582 - "GET /api/v1/events/evt_90ad17a57dda4480/participants HTTP/1.1" 200 OK
2025-10-26 19:34:19,862 INFO sqlalchemy.engine.Engine BEGIN (implicit)
2025-10-26 19:34:19,862 INFO sqlalchemy.engine.Engine SELECT events.id AS events_id, events.title AS events_title, events.category AS events_category, events.deadline AS events_deadline, events.visibility AS events_visibility, events.allow_vote AS events_allow_vote, events.final_decision AS events_final_decision, events.custom_center_lat AS events_custom_center_lat, events.custom_center_lng AS events_custom_center_lng, events.created_at AS events_created_at, events.expires_at AS events_expires_at, events.deleted_at AS events_deleted_at, events.created_by AS events_created_by 
FROM events 
WHERE events.id = %(id_1)s::VARCHAR AND events.deleted_at IS NULL 
 LIMIT %(param_1)s::INTEGER
2025-10-26 19:34:19,862 INFO sqlalchemy.engine.Engine [cached since 156.9s ago] {'id_1': 'evt_90ad17a57dda4480', 'param_1': 1}
2025-10-26 19:34:19,863 INFO sqlalchemy.engine.Engine SELECT candidates.id AS candidates_id, candidates.event_id AS candidates_event_id, candidates.place_id AS candidates_place_id, candidates.name AS candidates_name, candidates.address AS candidates_address, candidates.lat AS candidates_lat, candidates.lng AS candidates_lng, candidates.rating AS candidates_rating, candidates.user_ratings_total AS candidates_user_ratings_total, candidates.distance_from_center AS candidates_distance_from_center, candidates.in_circle AS candidates_in_circle, candidates.opening_hours AS candidates_opening_hours, candidates.photo_reference AS candidates_photo_reference, candidates.added_by AS candidates_added_by, candidates.created_at AS candidates_created_at 
FROM candidates 
WHERE candidates.event_id = %(event_id_1)s::VARCHAR ORDER BY candidates.rating DESC
2025-10-26 19:34:19,863 INFO sqlalchemy.engine.Engine [cached since 156.9s ago] {'event_id_1': 'evt_90ad17a57dda4480'}
2025-10-26 19:34:19,866 INFO sqlalchemy.engine.Engine SELECT votes.candidate_id AS votes_candidate_id, count(votes.id) AS vote_count 
FROM votes 
WHERE votes.candidate_id IN (%(candidate_id_1_1)s::VARCHAR, %(candidate_id_1_2)s::VARCHAR, %(candidate_id_1_3)s::VARCHAR, %(candidate_id_1_4)s::VARCHAR, %(candidate_id_1_5)s::VARCHAR, %(candidate_id_1_6)s::VARCHAR, %(candidate_id_1_7)s::VARCHAR, %(candidate_id_1_8)s::VARCHAR, %(candidate_id_1_9)s::VARCHAR, %(candidate_id_1_10)s::VARCHAR, %(candidate_id_1_11)s::VARCHAR, %(candidate_id_1_12)s::VARCHAR, %(candidate_id_1_13)s::VARCHAR, %(candidate_id_1_14)s::VARCHAR, %(candidate_id_1_15)s::VARCHAR, %(candidate_id_1_16)s::VARCHAR, %(candidate_id_1_17)s::VARCHAR, %(candidate_id_1_18)s::VARCHAR, %(candidate_id_1_19)s::VARCHAR, %(candidate_id_1_20)s::VARCHAR, %(candidate_id_1_21)s::VARCHAR, %(candidate_id_1_22)s::VARCHAR, %(candidate_id_1_23)s::VARCHAR, %(candidate_id_1_24)s::VARCHAR, %(candidate_id_1_25)s::VARCHAR, %(candidate_id_1_26)s::VARCHAR, %(candidate_id_1_27)s::VARCHAR, %(candidate_id_1_28)s::VARCHAR, %(candidate_id_1_29)s::VARCHAR, %(candidate_id_1_30)s::VARCHAR, %(candidate_id_1_31)s::VARCHAR, %(candidate_id_1_32)s::VARCHAR, %(candidate_id_1_33)s::VARCHAR, %(candidate_id_1_34)s::VARCHAR, %(candidate_id_1_35)s::VARCHAR, %(candidate_id_1_36)s::VARCHAR, %(candidate_id_1_37)s::VARCHAR, %(candidate_id_1_38)s::VARCHAR, %(candidate_id_1_39)s::VARCHAR, %(candidate_id_1_40)s::VARCHAR, %(candidate_id_1_41)s::VARCHAR, %(candidate_id_1_42)s::VARCHAR, %(candidate_id_1_43)s::VARCHAR, %(candidate_id_1_44)s::VARCHAR, %(candidate_id_1_45)s::VARCHAR, %(candidate_id_1_46)s::VARCHAR, %(candidate_id_1_47)s::VARCHAR, %(candidate_id_1_48)s::VARCHAR, %(candidate_id_1_49)s::VARCHAR, %(candidate_id_1_50)s::VARCHAR, %(candidate_id_1_51)s::VARCHAR, %(candidate_id_1_52)s::VARCHAR, %(candidate_id_1_53)s::VARCHAR, %(candidate_id_1_54)s::VARCHAR, %(candidate_id_1_55)s::VARCHAR, %(candidate_id_1_56)s::VARCHAR, %(candidate_id_1_57)s::VARCHAR, %(candidate_id_1_58)s::VARCHAR, %(candidate_id_1_59)s::VARCHAR) GROUP BY votes.candidate_id
2025-10-26 19:34:19,866 INFO sqlalchemy.engine.Engine [cached since 156.9s ago] {'candidate_id_1_1': 'cand_evt_90ad17a57dda4480_ChIJJROT1yxf', 'candidate_id_1_2': 'cand_evt_90ad17a57dda4480_ChIJv1DNafRf', 'candidate_id_1_3': 'cand_evt_90ad17a57dda4480_ChIJMQKGg3Ff', 'candidate_id_1_4': 'cand_evt_90ad17a57dda4480_ChIJ79lCrc1Y', 'candidate_id_1_5': 'cand_evt_90ad17a57dda4480_ChIJicgjodRY', 'candidate_id_1_6': 'cand_evt_90ad17a57dda4480_ChIJpRK5SS5f', 'candidate_id_1_7': 'cand_evt_90ad17a57dda4480_ChIJN5xZFJRZ', 'candidate_id_1_8': 'cand_evt_90ad17a57dda4480_ChIJuYT7ZXpf', 'candidate_id_1_9': 'cand_evt_90ad17a57dda4480_ChIJrZS3dCRZ', 'candidate_id_1_10': 'cand_evt_90ad17a57dda4480_ChIJ4UMDmvtZ', 'candidate_id_1_11': 'cand_evt_90ad17a57dda4480_ChIJX3m3RoJf', 'candidate_id_1_12': 'cand_evt_90ad17a57dda4480_ChIJB8hMy4tf', 'candidate_id_1_13': 'cand_evt_90ad17a57dda4480_ChIJZVKQjtZe', 'candidate_id_1_14': 'cand_evt_90ad17a57dda4480_ChIJKePvPk5Z', 'candidate_id_1_15': 'cand_evt_90ad17a57dda4480_ChIJQ16ZBGhf', 'candidate_id_1_16': 'cand_evt_90ad17a57dda4480_ChIJ0T9xRi5f', 'candidate_id_1_17': 'cand_evt_90ad17a57dda4480_ChIJWXJ-2MhZ', 'candidate_id_1_18': 'cand_evt_90ad17a57dda4480_ChIJD0wDQFpZ', 'candidate_id_1_19': 'cand_evt_90ad17a57dda4480_ChIJEz0N7yVZ', 'candidate_id_1_20': 'cand_evt_90ad17a57dda4480_ChIJWTq1bSxf', 'candidate_id_1_21': 'cand_evt_90ad17a57dda4480_ChIJ9yi_ITdf', 'candidate_id_1_22': 'cand_evt_90ad17a57dda4480_ChIJJWxQSC5f', 'candidate_id_1_23': 'cand_evt_90ad17a57dda4480_ChIJcy1LrTBf', 'candidate_id_1_24': 'cand_evt_90ad17a57dda4480_ChIJcRXQOzdf', 'candidate_id_1_25': 'cand_evt_90ad17a57dda4480_ChIJpRaITSRZ', 'candidate_id_1_26': 'cand_evt_90ad17a57dda4480_ChIJBTuSXqhf', 'candidate_id_1_27': 'cand_evt_90ad17a57dda4480_ChIJXwfMPy5f', 'candidate_id_1_28': 'cand_evt_90ad17a57dda4480_ChIJe0qdh8JZ', 'candidate_id_1_29': 'cand_evt_90ad17a57dda4480_ChIJlXecQSpZ', 'candidate_id_1_30': 'cand_evt_90ad17a57dda4480_ChIJqe-Kai5f', 'candidate_id_1_31': 'cand_evt_90ad17a57dda4480_ChIJ5zpm8ChZ', 'candidate_id_1_32': 'cand_evt_90ad17a57dda4480_ChIJxaf4Ey5f', 'candidate_id_1_33': 'cand_evt_90ad17a57dda4480_ChIJsaCQ-vNZ', 'candidate_id_1_34': 'cand_evt_90ad17a57dda4480_ChIJA9zY7Sxf', 'candidate_id_1_35': 'cand_evt_90ad17a57dda4480_ChIJA0juKzBf', 'candidate_id_1_36': 'cand_evt_90ad17a57dda4480_ChIJN6wFwihZ', 'candidate_id_1_37': 'cand_evt_90ad17a57dda4480_ChIJHQIpg9NY', 'candidate_id_1_38': 'cand_evt_90ad17a57dda4480_ChIJK6yDNjdf', 'candidate_id_1_39': 'cand_evt_90ad17a57dda4480_ChIJ-_hEzDFf', 'candidate_id_1_40': 'cand_evt_90ad17a57dda4480_ChIJ8UEYhUBZ', 'candidate_id_1_41': 'cand_evt_90ad17a57dda4480_ChIJgW6HQC5f', 'candidate_id_1_42': 'cand_evt_90ad17a57dda4480_ChIJp438w91Z', 'candidate_id_1_43': 'cand_evt_90ad17a57dda4480_ChIJhVFByzVf', 'candidate_id_1_44': 'cand_evt_90ad17a57dda4480_ChIJRYEYl_xf', 'candidate_id_1_45': 'cand_evt_90ad17a57dda4480_ChIJzzk5JypZ', 'candidate_id_1_46': 'cand_evt_90ad17a57dda4480_ChIJNbpmRG5Z', 'candidate_id_1_47': 'cand_evt_90ad17a57dda4480_ChIJp9WpPSxZ', 'candidate_id_1_48': 'cand_evt_90ad17a57dda4480_ChIJ64EKfyxf', 'candidate_id_1_49': 'cand_evt_90ad17a57dda4480_ChIJNZMckVVZ', 'candidate_id_1_50': 'cand_evt_90ad17a57dda4480_ChIJp2voCzBZ', 'candidate_id_1_51': 'cand_evt_90ad17a57dda4480_ChIJxZ8_Mq1Z', 'candidate_id_1_52': 'cand_evt_90ad17a57dda4480_ChIJ_acaSDdf', 'candidate_id_1_53': 'cand_evt_90ad17a57dda4480_ChIJAemDtCxf', 'candidate_id_1_54': 'cand_evt_90ad17a57dda4480_ChIJkYuIpTVf', 'candidate_id_1_55': 'cand_evt_90ad17a57dda4480_ChIJp-yKmcVY', 'candidate_id_1_56': 'cand_evt_90ad17a57dda4480_ChIJE1CADS5f', 'candidate_id_1_57': 'cand_evt_90ad17a57dda4480_ChIJV1joCS5f', 'candidate_id_1_58': 'cand_evt_90ad17a57dda4480_ChIJnepkXDBf', 'candidate_id_1_59': 'cand_evt_90ad17a57dda4480_ChIJZfxRn-ZZ'}
2025-10-26 19:34:19,870 INFO sqlalchemy.engine.Engine ROLLBACK
INFO:     127.0.0.1:50582 - "GET /api/v1/events/evt_90ad17a57dda4480/candidates HTTP/1.1" 200 OK
2025-10-26 19:34:19,922 INFO sqlalchemy.engine.Engine BEGIN (implicit)
2025-10-26 19:34:19,922 INFO sqlalchemy.engine.Engine SELECT events.id AS events_id, events.title AS events_title, events.category AS events_category, events.deadline AS events_deadline, events.visibility AS events_visibility, events.allow_vote AS events_allow_vote, events.final_decision AS events_final_decision, events.custom_center_lat AS events_custom_center_lat, events.custom_center_lng AS events_custom_center_lng, events.created_at AS events_created_at, events.expires_at AS events_expires_at, events.deleted_at AS events_deleted_at, events.created_by AS events_created_by 
FROM events 
WHERE events.id = %(id_1)s::VARCHAR AND events.deleted_at IS NULL 
 LIMIT %(param_1)s::INTEGER
2025-10-26 19:34:19,922 INFO sqlalchemy.engine.Engine [cached since 157s ago] {'id_1': 'evt_90ad17a57dda4480', 'param_1': 1}
2025-10-26 19:34:19,924 INFO sqlalchemy.engine.Engine ROLLBACK
INFO:     127.0.0.1:50582 - "GET /api/v1/events/evt_90ad17a57dda4480/stream HTTP/1.1" 200 OK
INFO:     127.0.0.1:50753 - "OPTIONS /api/v1/events/evt_90ad17a57dda4480/candidates/cand_evt_90ad17a57dda4480_ChIJJROT1yxf/details HTTP/1.1" 200 OK
2025-10-26 19:34:54,301 INFO sqlalchemy.engine.Engine BEGIN (implicit)
2025-10-26 19:34:54,302 INFO sqlalchemy.engine.Engine SELECT candidates.id AS candidates_id, candidates.event_id AS candidates_event_id, candidates.place_id AS candidates_place_id, candidates.name AS candidates_name, candidates.address AS candidates_address, candidates.lat AS candidates_lat, candidates.lng AS candidates_lng, candidates.rating AS candidates_rating, candidates.user_ratings_total AS candidates_user_ratings_total, candidates.distance_from_center AS candidates_distance_from_center, candidates.in_circle AS candidates_in_circle, candidates.opening_hours AS candidates_opening_hours, candidates.photo_reference AS candidates_photo_reference, candidates.added_by AS candidates_added_by, candidates.created_at AS candidates_created_at 
FROM candidates 
WHERE candidates.id = %(id_1)s::VARCHAR AND candidates.event_id = %(event_id_1)s::VARCHAR 
 LIMIT %(param_1)s::INTEGER
2025-10-26 19:34:54,302 INFO sqlalchemy.engine.Engine [cached since 186.7s ago] {'id_1': 'cand_evt_90ad17a57dda4480_ChIJJROT1yxf', 'event_id_1': 'evt_90ad17a57dda4480', 'param_1': 1}
2025-10-26 19:34:54,644 INFO sqlalchemy.engine.Engine ROLLBACK
INFO:     127.0.0.1:50753 - "GET /api/v1/events/evt_90ad17a57dda4480/candidates/cand_evt_90ad17a57dda4480_ChIJJROT1yxf/details HTTP/1.1" 200 OK
2025-10-26 19:35:43,589 INFO sqlalchemy.engine.Engine BEGIN (implicit)
2025-10-26 19:35:43,589 INFO sqlalchemy.engine.Engine SELECT events.id AS events_id, events.title AS events_title, events.category AS events_category, events.deadline AS events_deadline, events.visibility AS events_visibility, events.allow_vote AS events_allow_vote, events.final_decision AS events_final_decision, events.custom_center_lat AS events_custom_center_lat, events.custom_center_lng AS events_custom_center_lng, events.created_at AS events_created_at, events.expires_at AS events_expires_at, events.deleted_at AS events_deleted_at, events.created_by AS events_created_by 
FROM events 
WHERE events.id = %(id_1)s::VARCHAR AND events.deleted_at IS NULL 
 LIMIT %(param_1)s::INTEGER
2025-10-26 19:35:43,589 INFO sqlalchemy.engine.Engine [cached since 240.7s ago] {'id_1': 'evt_90ad17a57dda4480', 'param_1': 1}
2025-10-26 19:35:43,590 INFO sqlalchemy.engine.Engine ROLLBACK
INFO:     127.0.0.1:50755 - "GET /api/v1/events/evt_90ad17a57dda4480 HTTP/1.1" 200 OK
2025-10-26 19:35:43,660 INFO sqlalchemy.engine.Engine BEGIN (implicit)
2025-10-26 19:35:43,661 INFO sqlalchemy.engine.Engine SELECT events.id AS events_id, events.title AS events_title, events.category AS events_category, events.deadline AS events_deadline, events.visibility AS events_visibility, events.allow_vote AS events_allow_vote, events.final_decision AS events_final_decision, events.custom_center_lat AS events_custom_center_lat, events.custom_center_lng AS events_custom_center_lng, events.created_at AS events_created_at, events.expires_at AS events_expires_at, events.deleted_at AS events_deleted_at, events.created_by AS events_created_by 
FROM events 
WHERE events.id = %(id_1)s::VARCHAR AND events.deleted_at IS NULL 
 LIMIT %(param_1)s::INTEGER
2025-10-26 19:35:43,661 INFO sqlalchemy.engine.Engine [cached since 240.7s ago] {'id_1': 'evt_90ad17a57dda4480', 'param_1': 1}
2025-10-26 19:35:43,662 INFO sqlalchemy.engine.Engine SELECT participants.id AS participants_id, participants.event_id AS participants_event_id, participants.lat AS participants_lat, participants.lng AS participants_lng, participants.fuzzy_lat AS participants_fuzzy_lat, participants.fuzzy_lng AS participants_fuzzy_lng, participants.name AS participants_name, participants.address AS participants_address, participants.joined_at AS participants_joined_at 
FROM participants 
WHERE participants.event_id = %(event_id_1)s::VARCHAR
2025-10-26 19:35:43,663 INFO sqlalchemy.engine.Engine [cached since 240.7s ago] {'event_id_1': 'evt_90ad17a57dda4480'}
2025-10-26 19:35:43,663 INFO sqlalchemy.engine.Engine ROLLBACK
INFO:     127.0.0.1:50755 - "GET /api/v1/events/evt_90ad17a57dda4480/participants HTTP/1.1" 200 OK
2025-10-26 19:35:44,105 INFO sqlalchemy.engine.Engine BEGIN (implicit)
2025-10-26 19:35:44,106 INFO sqlalchemy.engine.Engine SELECT events.id AS events_id, events.title AS events_title, events.category AS events_category, events.deadline AS events_deadline, events.visibility AS events_visibility, events.allow_vote AS events_allow_vote, events.final_decision AS events_final_decision, events.custom_center_lat AS events_custom_center_lat, events.custom_center_lng AS events_custom_center_lng, events.created_at AS events_created_at, events.expires_at AS events_expires_at, events.deleted_at AS events_deleted_at, events.created_by AS events_created_by 
FROM events 
WHERE events.id = %(id_1)s::VARCHAR AND events.deleted_at IS NULL 
 LIMIT %(param_1)s::INTEGER
2025-10-26 19:35:44,106 INFO sqlalchemy.engine.Engine [cached since 241.2s ago] {'id_1': 'evt_90ad17a57dda4480', 'param_1': 1}
2025-10-26 19:35:44,108 INFO sqlalchemy.engine.Engine SELECT candidates.id AS candidates_id, candidates.event_id AS candidates_event_id, candidates.place_id AS candidates_place_id, candidates.name AS candidates_name, candidates.address AS candidates_address, candidates.lat AS candidates_lat, candidates.lng AS candidates_lng, candidates.rating AS candidates_rating, candidates.user_ratings_total AS candidates_user_ratings_total, candidates.distance_from_center AS candidates_distance_from_center, candidates.in_circle AS candidates_in_circle, candidates.opening_hours AS candidates_opening_hours, candidates.photo_reference AS candidates_photo_reference, candidates.added_by AS candidates_added_by, candidates.created_at AS candidates_created_at 
FROM candidates 
WHERE candidates.event_id = %(event_id_1)s::VARCHAR ORDER BY candidates.rating DESC
2025-10-26 19:35:44,108 INFO sqlalchemy.engine.Engine [cached since 241.2s ago] {'event_id_1': 'evt_90ad17a57dda4480'}
2025-10-26 19:35:44,111 INFO sqlalchemy.engine.Engine SELECT votes.candidate_id AS votes_candidate_id, count(votes.id) AS vote_count 
FROM votes 
WHERE votes.candidate_id IN (%(candidate_id_1_1)s::VARCHAR, %(candidate_id_1_2)s::VARCHAR, %(candidate_id_1_3)s::VARCHAR, %(candidate_id_1_4)s::VARCHAR, %(candidate_id_1_5)s::VARCHAR, %(candidate_id_1_6)s::VARCHAR, %(candidate_id_1_7)s::VARCHAR, %(candidate_id_1_8)s::VARCHAR, %(candidate_id_1_9)s::VARCHAR, %(candidate_id_1_10)s::VARCHAR, %(candidate_id_1_11)s::VARCHAR, %(candidate_id_1_12)s::VARCHAR, %(candidate_id_1_13)s::VARCHAR, %(candidate_id_1_14)s::VARCHAR, %(candidate_id_1_15)s::VARCHAR, %(candidate_id_1_16)s::VARCHAR, %(candidate_id_1_17)s::VARCHAR, %(candidate_id_1_18)s::VARCHAR, %(candidate_id_1_19)s::VARCHAR, %(candidate_id_1_20)s::VARCHAR, %(candidate_id_1_21)s::VARCHAR, %(candidate_id_1_22)s::VARCHAR, %(candidate_id_1_23)s::VARCHAR, %(candidate_id_1_24)s::VARCHAR, %(candidate_id_1_25)s::VARCHAR, %(candidate_id_1_26)s::VARCHAR, %(candidate_id_1_27)s::VARCHAR, %(candidate_id_1_28)s::VARCHAR, %(candidate_id_1_29)s::VARCHAR, %(candidate_id_1_30)s::VARCHAR, %(candidate_id_1_31)s::VARCHAR, %(candidate_id_1_32)s::VARCHAR, %(candidate_id_1_33)s::VARCHAR, %(candidate_id_1_34)s::VARCHAR, %(candidate_id_1_35)s::VARCHAR, %(candidate_id_1_36)s::VARCHAR, %(candidate_id_1_37)s::VARCHAR, %(candidate_id_1_38)s::VARCHAR, %(candidate_id_1_39)s::VARCHAR, %(candidate_id_1_40)s::VARCHAR, %(candidate_id_1_41)s::VARCHAR, %(candidate_id_1_42)s::VARCHAR, %(candidate_id_1_43)s::VARCHAR, %(candidate_id_1_44)s::VARCHAR, %(candidate_id_1_45)s::VARCHAR, %(candidate_id_1_46)s::VARCHAR, %(candidate_id_1_47)s::VARCHAR, %(candidate_id_1_48)s::VARCHAR, %(candidate_id_1_49)s::VARCHAR, %(candidate_id_1_50)s::VARCHAR, %(candidate_id_1_51)s::VARCHAR, %(candidate_id_1_52)s::VARCHAR, %(candidate_id_1_53)s::VARCHAR, %(candidate_id_1_54)s::VARCHAR, %(candidate_id_1_55)s::VARCHAR, %(candidate_id_1_56)s::VARCHAR, %(candidate_id_1_57)s::VARCHAR, %(candidate_id_1_58)s::VARCHAR, %(candidate_id_1_59)s::VARCHAR) GROUP BY votes.candidate_id
2025-10-26 19:35:44,111 INFO sqlalchemy.engine.Engine [cached since 241.2s ago] {'candidate_id_1_1': 'cand_evt_90ad17a57dda4480_ChIJJROT1yxf', 'candidate_id_1_2': 'cand_evt_90ad17a57dda4480_ChIJv1DNafRf', 'candidate_id_1_3': 'cand_evt_90ad17a57dda4480_ChIJMQKGg3Ff', 'candidate_id_1_4': 'cand_evt_90ad17a57dda4480_ChIJ79lCrc1Y', 'candidate_id_1_5': 'cand_evt_90ad17a57dda4480_ChIJicgjodRY', 'candidate_id_1_6': 'cand_evt_90ad17a57dda4480_ChIJpRK5SS5f', 'candidate_id_1_7': 'cand_evt_90ad17a57dda4480_ChIJN5xZFJRZ', 'candidate_id_1_8': 'cand_evt_90ad17a57dda4480_ChIJuYT7ZXpf', 'candidate_id_1_9': 'cand_evt_90ad17a57dda4480_ChIJrZS3dCRZ', 'candidate_id_1_10': 'cand_evt_90ad17a57dda4480_ChIJ4UMDmvtZ', 'candidate_id_1_11': 'cand_evt_90ad17a57dda4480_ChIJX3m3RoJf', 'candidate_id_1_12': 'cand_evt_90ad17a57dda4480_ChIJB8hMy4tf', 'candidate_id_1_13': 'cand_evt_90ad17a57dda4480_ChIJZVKQjtZe', 'candidate_id_1_14': 'cand_evt_90ad17a57dda4480_ChIJKePvPk5Z', 'candidate_id_1_15': 'cand_evt_90ad17a57dda4480_ChIJQ16ZBGhf', 'candidate_id_1_16': 'cand_evt_90ad17a57dda4480_ChIJ0T9xRi5f', 'candidate_id_1_17': 'cand_evt_90ad17a57dda4480_ChIJWXJ-2MhZ', 'candidate_id_1_18': 'cand_evt_90ad17a57dda4480_ChIJD0wDQFpZ', 'candidate_id_1_19': 'cand_evt_90ad17a57dda4480_ChIJEz0N7yVZ', 'candidate_id_1_20': 'cand_evt_90ad17a57dda4480_ChIJWTq1bSxf', 'candidate_id_1_21': 'cand_evt_90ad17a57dda4480_ChIJ9yi_ITdf', 'candidate_id_1_22': 'cand_evt_90ad17a57dda4480_ChIJJWxQSC5f', 'candidate_id_1_23': 'cand_evt_90ad17a57dda4480_ChIJcy1LrTBf', 'candidate_id_1_24': 'cand_evt_90ad17a57dda4480_ChIJcRXQOzdf', 'candidate_id_1_25': 'cand_evt_90ad17a57dda4480_ChIJpRaITSRZ', 'candidate_id_1_26': 'cand_evt_90ad17a57dda4480_ChIJBTuSXqhf', 'candidate_id_1_27': 'cand_evt_90ad17a57dda4480_ChIJXwfMPy5f', 'candidate_id_1_28': 'cand_evt_90ad17a57dda4480_ChIJe0qdh8JZ', 'candidate_id_1_29': 'cand_evt_90ad17a57dda4480_ChIJlXecQSpZ', 'candidate_id_1_30': 'cand_evt_90ad17a57dda4480_ChIJqe-Kai5f', 'candidate_id_1_31': 'cand_evt_90ad17a57dda4480_ChIJ5zpm8ChZ', 'candidate_id_1_32': 'cand_evt_90ad17a57dda4480_ChIJxaf4Ey5f', 'candidate_id_1_33': 'cand_evt_90ad17a57dda4480_ChIJsaCQ-vNZ', 'candidate_id_1_34': 'cand_evt_90ad17a57dda4480_ChIJA9zY7Sxf', 'candidate_id_1_35': 'cand_evt_90ad17a57dda4480_ChIJA0juKzBf', 'candidate_id_1_36': 'cand_evt_90ad17a57dda4480_ChIJN6wFwihZ', 'candidate_id_1_37': 'cand_evt_90ad17a57dda4480_ChIJHQIpg9NY', 'candidate_id_1_38': 'cand_evt_90ad17a57dda4480_ChIJK6yDNjdf', 'candidate_id_1_39': 'cand_evt_90ad17a57dda4480_ChIJ-_hEzDFf', 'candidate_id_1_40': 'cand_evt_90ad17a57dda4480_ChIJ8UEYhUBZ', 'candidate_id_1_41': 'cand_evt_90ad17a57dda4480_ChIJgW6HQC5f', 'candidate_id_1_42': 'cand_evt_90ad17a57dda4480_ChIJp438w91Z', 'candidate_id_1_43': 'cand_evt_90ad17a57dda4480_ChIJhVFByzVf', 'candidate_id_1_44': 'cand_evt_90ad17a57dda4480_ChIJRYEYl_xf', 'candidate_id_1_45': 'cand_evt_90ad17a57dda4480_ChIJzzk5JypZ', 'candidate_id_1_46': 'cand_evt_90ad17a57dda4480_ChIJNbpmRG5Z', 'candidate_id_1_47': 'cand_evt_90ad17a57dda4480_ChIJp9WpPSxZ', 'candidate_id_1_48': 'cand_evt_90ad17a57dda4480_ChIJ64EKfyxf', 'candidate_id_1_49': 'cand_evt_90ad17a57dda4480_ChIJNZMckVVZ', 'candidate_id_1_50': 'cand_evt_90ad17a57dda4480_ChIJp2voCzBZ', 'candidate_id_1_51': 'cand_evt_90ad17a57dda4480_ChIJxZ8_Mq1Z', 'candidate_id_1_52': 'cand_evt_90ad17a57dda4480_ChIJ_acaSDdf', 'candidate_id_1_53': 'cand_evt_90ad17a57dda4480_ChIJAemDtCxf', 'candidate_id_1_54': 'cand_evt_90ad17a57dda4480_ChIJkYuIpTVf', 'candidate_id_1_55': 'cand_evt_90ad17a57dda4480_ChIJp-yKmcVY', 'candidate_id_1_56': 'cand_evt_90ad17a57dda4480_ChIJE1CADS5f', 'candidate_id_1_57': 'cand_evt_90ad17a57dda4480_ChIJV1joCS5f', 'candidate_id_1_58': 'cand_evt_90ad17a57dda4480_ChIJnepkXDBf', 'candidate_id_1_59': 'cand_evt_90ad17a57dda4480_ChIJZfxRn-ZZ'}
2025-10-26 19:35:44,114 INFO sqlalchemy.engine.Engine ROLLBACK
INFO:     127.0.0.1:50755 - "GET /api/v1/events/evt_90ad17a57dda4480/candidates HTTP/1.1" 200 OK
2025-10-26 19:35:44,180 INFO sqlalchemy.engine.Engine BEGIN (implicit)
2025-10-26 19:35:44,180 INFO sqlalchemy.engine.Engine SELECT votes.id AS votes_id, votes.event_id AS votes_event_id, votes.participant_id AS votes_participant_id, votes.candidate_id AS votes_candidate_id, votes.voted_at AS votes_voted_at 
FROM votes 
WHERE votes.event_id = %(event_id_1)s::VARCHAR AND votes.participant_id = %(participant_id_1)s::VARCHAR
2025-10-26 19:35:44,180 INFO sqlalchemy.engine.Engine [cached since 183.3s ago] {'event_id_1': 'evt_90ad17a57dda4480', 'participant_id_1': 'p_f2acd82a1ec3'}
2025-10-26 19:35:44,182 INFO sqlalchemy.engine.Engine ROLLBACK
INFO:     127.0.0.1:50755 - "GET /api/v1/events/evt_90ad17a57dda4480/votes?participant_id=p_f2acd82a1ec3 HTTP/1.1" 200 OK
2025-10-26 19:35:44,242 INFO sqlalchemy.engine.Engine BEGIN (implicit)
2025-10-26 19:35:44,242 INFO sqlalchemy.engine.Engine SELECT events.id AS events_id, events.title AS events_title, events.category AS events_category, events.deadline AS events_deadline, events.visibility AS events_visibility, events.allow_vote AS events_allow_vote, events.final_decision AS events_final_decision, events.custom_center_lat AS events_custom_center_lat, events.custom_center_lng AS events_custom_center_lng, events.created_at AS events_created_at, events.expires_at AS events_expires_at, events.deleted_at AS events_deleted_at, events.created_by AS events_created_by 
FROM events 
WHERE events.id = %(id_1)s::VARCHAR AND events.deleted_at IS NULL 
 LIMIT %(param_1)s::INTEGER
2025-10-26 19:35:44,242 INFO sqlalchemy.engine.Engine [cached since 241.3s ago] {'id_1': 'evt_90ad17a57dda4480', 'param_1': 1}
2025-10-26 19:35:44,244 INFO sqlalchemy.engine.Engine ROLLBACK
INFO:     127.0.0.1:50755 - "GET /api/v1/events/evt_90ad17a57dda4480/stream HTTP/1.1" 200 OK
2025-10-26 19:36:32,714 INFO sqlalchemy.engine.Engine BEGIN (implicit)
2025-10-26 19:36:32,714 INFO sqlalchemy.engine.Engine SELECT users.id AS users_id, users.email AS users_email, users.hashed_password AS users_hashed_password, users.name AS users_name, users.bio AS users_bio, users.avatar AS users_avatar, users.created_at AS users_created_at, users.last_login AS users_last_login, users.is_active AS users_is_active 
FROM users 
WHERE users.id = %(id_1)s::VARCHAR AND users.is_active = true 
 LIMIT %(param_1)s::INTEGER
2025-10-26 19:36:32,714 INFO sqlalchemy.engine.Engine [cached since 289.8s ago] {'id_1': 'user_a8826615b32f414d', 'param_1': 1}
2025-10-26 19:36:32,719 INFO sqlalchemy.engine.Engine ROLLBACK
2025-10-26 19:36:32,721 INFO sqlalchemy.engine.Engine BEGIN (implicit)
2025-10-26 19:36:32,721 INFO sqlalchemy.engine.Engine SELECT events.id AS events_id, events.title AS events_title, events.category AS events_category, events.deadline AS events_deadline, events.visibility AS events_visibility, events.allow_vote AS events_allow_vote, events.final_decision AS events_final_decision, events.custom_center_lat AS events_custom_center_lat, events.custom_center_lng AS events_custom_center_lng, events.created_at AS events_created_at, events.expires_at AS events_expires_at, events.deleted_at AS events_deleted_at, events.created_by AS events_created_by 
FROM events 
WHERE events.id = %(id_1)s::VARCHAR AND events.deleted_at IS NULL 
 LIMIT %(param_1)s::INTEGER
2025-10-26 19:36:32,721 INFO sqlalchemy.engine.Engine [cached since 289.8s ago] {'id_1': 'evt_90ad17a57dda4480', 'param_1': 1}
INFO:     127.0.0.1:51272 - "GET /api/v1/auth/me HTTP/1.1" 200 OK
2025-10-26 19:36:32,724 INFO sqlalchemy.engine.Engine ROLLBACK
INFO:     127.0.0.1:51275 - "GET /api/v1/events/evt_90ad17a57dda4480 HTTP/1.1" 200 OK
2025-10-26 19:36:32,731 INFO sqlalchemy.engine.Engine BEGIN (implicit)
2025-10-26 19:36:32,732 INFO sqlalchemy.engine.Engine SELECT events.id AS events_id, events.title AS events_title, events.category AS events_category, events.deadline AS events_deadline, events.visibility AS events_visibility, events.allow_vote AS events_allow_vote, events.final_decision AS events_final_decision, events.custom_center_lat AS events_custom_center_lat, events.custom_center_lng AS events_custom_center_lng, events.created_at AS events_created_at, events.expires_at AS events_expires_at, events.deleted_at AS events_deleted_at, events.created_by AS events_created_by 
FROM events 
WHERE events.id = %(id_1)s::VARCHAR AND events.deleted_at IS NULL 
 LIMIT %(param_1)s::INTEGER
2025-10-26 19:36:32,732 INFO sqlalchemy.engine.Engine [cached since 289.8s ago] {'id_1': 'evt_90ad17a57dda4480', 'param_1': 1}
2025-10-26 19:36:32,733 INFO sqlalchemy.engine.Engine SELECT participants.id AS participants_id, participants.event_id AS participants_event_id, participants.lat AS participants_lat, participants.lng AS participants_lng, participants.fuzzy_lat AS participants_fuzzy_lat, participants.fuzzy_lng AS participants_fuzzy_lng, participants.name AS participants_name, participants.address AS participants_address, participants.joined_at AS participants_joined_at 
FROM participants 
WHERE participants.event_id = %(event_id_1)s::VARCHAR
2025-10-26 19:36:32,733 INFO sqlalchemy.engine.Engine [cached since 289.8s ago] {'event_id_1': 'evt_90ad17a57dda4480'}
2025-10-26 19:36:32,735 INFO sqlalchemy.engine.Engine ROLLBACK
INFO:     127.0.0.1:51275 - "GET /api/v1/events/evt_90ad17a57dda4480/participants HTTP/1.1" 200 OK
2025-10-26 19:36:32,740 INFO sqlalchemy.engine.Engine BEGIN (implicit)
2025-10-26 19:36:32,740 INFO sqlalchemy.engine.Engine SELECT events.id AS events_id, events.title AS events_title, events.category AS events_category, events.deadline AS events_deadline, events.visibility AS events_visibility, events.allow_vote AS events_allow_vote, events.final_decision AS events_final_decision, events.custom_center_lat AS events_custom_center_lat, events.custom_center_lng AS events_custom_center_lng, events.created_at AS events_created_at, events.expires_at AS events_expires_at, events.deleted_at AS events_deleted_at, events.created_by AS events_created_by 
FROM events 
WHERE events.id = %(id_1)s::VARCHAR AND events.deleted_at IS NULL 
 LIMIT %(param_1)s::INTEGER
2025-10-26 19:36:32,740 INFO sqlalchemy.engine.Engine [cached since 289.8s ago] {'id_1': 'evt_90ad17a57dda4480', 'param_1': 1}
2025-10-26 19:36:32,742 INFO sqlalchemy.engine.Engine SELECT candidates.id AS candidates_id, candidates.event_id AS candidates_event_id, candidates.place_id AS candidates_place_id, candidates.name AS candidates_name, candidates.address AS candidates_address, candidates.lat AS candidates_lat, candidates.lng AS candidates_lng, candidates.rating AS candidates_rating, candidates.user_ratings_total AS candidates_user_ratings_total, candidates.distance_from_center AS candidates_distance_from_center, candidates.in_circle AS candidates_in_circle, candidates.opening_hours AS candidates_opening_hours, candidates.photo_reference AS candidates_photo_reference, candidates.added_by AS candidates_added_by, candidates.created_at AS candidates_created_at 
FROM candidates 
WHERE candidates.event_id = %(event_id_1)s::VARCHAR ORDER BY candidates.rating DESC
2025-10-26 19:36:32,742 INFO sqlalchemy.engine.Engine [cached since 289.8s ago] {'event_id_1': 'evt_90ad17a57dda4480'}
2025-10-26 19:36:32,745 INFO sqlalchemy.engine.Engine SELECT votes.candidate_id AS votes_candidate_id, count(votes.id) AS vote_count 
FROM votes 
WHERE votes.candidate_id IN (%(candidate_id_1_1)s::VARCHAR, %(candidate_id_1_2)s::VARCHAR, %(candidate_id_1_3)s::VARCHAR, %(candidate_id_1_4)s::VARCHAR, %(candidate_id_1_5)s::VARCHAR, %(candidate_id_1_6)s::VARCHAR, %(candidate_id_1_7)s::VARCHAR, %(candidate_id_1_8)s::VARCHAR, %(candidate_id_1_9)s::VARCHAR, %(candidate_id_1_10)s::VARCHAR, %(candidate_id_1_11)s::VARCHAR, %(candidate_id_1_12)s::VARCHAR, %(candidate_id_1_13)s::VARCHAR, %(candidate_id_1_14)s::VARCHAR, %(candidate_id_1_15)s::VARCHAR, %(candidate_id_1_16)s::VARCHAR, %(candidate_id_1_17)s::VARCHAR, %(candidate_id_1_18)s::VARCHAR, %(candidate_id_1_19)s::VARCHAR, %(candidate_id_1_20)s::VARCHAR, %(candidate_id_1_21)s::VARCHAR, %(candidate_id_1_22)s::VARCHAR, %(candidate_id_1_23)s::VARCHAR, %(candidate_id_1_24)s::VARCHAR, %(candidate_id_1_25)s::VARCHAR, %(candidate_id_1_26)s::VARCHAR, %(candidate_id_1_27)s::VARCHAR, %(candidate_id_1_28)s::VARCHAR, %(candidate_id_1_29)s::VARCHAR, %(candidate_id_1_30)s::VARCHAR, %(candidate_id_1_31)s::VARCHAR, %(candidate_id_1_32)s::VARCHAR, %(candidate_id_1_33)s::VARCHAR, %(candidate_id_1_34)s::VARCHAR, %(candidate_id_1_35)s::VARCHAR, %(candidate_id_1_36)s::VARCHAR, %(candidate_id_1_37)s::VARCHAR, %(candidate_id_1_38)s::VARCHAR, %(candidate_id_1_39)s::VARCHAR, %(candidate_id_1_40)s::VARCHAR, %(candidate_id_1_41)s::VARCHAR, %(candidate_id_1_42)s::VARCHAR, %(candidate_id_1_43)s::VARCHAR, %(candidate_id_1_44)s::VARCHAR, %(candidate_id_1_45)s::VARCHAR, %(candidate_id_1_46)s::VARCHAR, %(candidate_id_1_47)s::VARCHAR, %(candidate_id_1_48)s::VARCHAR, %(candidate_id_1_49)s::VARCHAR, %(candidate_id_1_50)s::VARCHAR, %(candidate_id_1_51)s::VARCHAR, %(candidate_id_1_52)s::VARCHAR, %(candidate_id_1_53)s::VARCHAR, %(candidate_id_1_54)s::VARCHAR, %(candidate_id_1_55)s::VARCHAR, %(candidate_id_1_56)s::VARCHAR, %(candidate_id_1_57)s::VARCHAR, %(candidate_id_1_58)s::VARCHAR, %(candidate_id_1_59)s::VARCHAR) GROUP BY votes.candidate_id
2025-10-26 19:36:32,745 INFO sqlalchemy.engine.Engine [cached since 289.8s ago] {'candidate_id_1_1': 'cand_evt_90ad17a57dda4480_ChIJJROT1yxf', 'candidate_id_1_2': 'cand_evt_90ad17a57dda4480_ChIJv1DNafRf', 'candidate_id_1_3': 'cand_evt_90ad17a57dda4480_ChIJMQKGg3Ff', 'candidate_id_1_4': 'cand_evt_90ad17a57dda4480_ChIJ79lCrc1Y', 'candidate_id_1_5': 'cand_evt_90ad17a57dda4480_ChIJicgjodRY', 'candidate_id_1_6': 'cand_evt_90ad17a57dda4480_ChIJpRK5SS5f', 'candidate_id_1_7': 'cand_evt_90ad17a57dda4480_ChIJN5xZFJRZ', 'candidate_id_1_8': 'cand_evt_90ad17a57dda4480_ChIJuYT7ZXpf', 'candidate_id_1_9': 'cand_evt_90ad17a57dda4480_ChIJrZS3dCRZ', 'candidate_id_1_10': 'cand_evt_90ad17a57dda4480_ChIJ4UMDmvtZ', 'candidate_id_1_11': 'cand_evt_90ad17a57dda4480_ChIJX3m3RoJf', 'candidate_id_1_12': 'cand_evt_90ad17a57dda4480_ChIJB8hMy4tf', 'candidate_id_1_13': 'cand_evt_90ad17a57dda4480_ChIJZVKQjtZe', 'candidate_id_1_14': 'cand_evt_90ad17a57dda4480_ChIJKePvPk5Z', 'candidate_id_1_15': 'cand_evt_90ad17a57dda4480_ChIJQ16ZBGhf', 'candidate_id_1_16': 'cand_evt_90ad17a57dda4480_ChIJ0T9xRi5f', 'candidate_id_1_17': 'cand_evt_90ad17a57dda4480_ChIJWXJ-2MhZ', 'candidate_id_1_18': 'cand_evt_90ad17a57dda4480_ChIJD0wDQFpZ', 'candidate_id_1_19': 'cand_evt_90ad17a57dda4480_ChIJEz0N7yVZ', 'candidate_id_1_20': 'cand_evt_90ad17a57dda4480_ChIJWTq1bSxf', 'candidate_id_1_21': 'cand_evt_90ad17a57dda4480_ChIJ9yi_ITdf', 'candidate_id_1_22': 'cand_evt_90ad17a57dda4480_ChIJJWxQSC5f', 'candidate_id_1_23': 'cand_evt_90ad17a57dda4480_ChIJcy1LrTBf', 'candidate_id_1_24': 'cand_evt_90ad17a57dda4480_ChIJcRXQOzdf', 'candidate_id_1_25': 'cand_evt_90ad17a57dda4480_ChIJpRaITSRZ', 'candidate_id_1_26': 'cand_evt_90ad17a57dda4480_ChIJBTuSXqhf', 'candidate_id_1_27': 'cand_evt_90ad17a57dda4480_ChIJXwfMPy5f', 'candidate_id_1_28': 'cand_evt_90ad17a57dda4480_ChIJe0qdh8JZ', 'candidate_id_1_29': 'cand_evt_90ad17a57dda4480_ChIJlXecQSpZ', 'candidate_id_1_30': 'cand_evt_90ad17a57dda4480_ChIJqe-Kai5f', 'candidate_id_1_31': 'cand_evt_90ad17a57dda4480_ChIJ5zpm8ChZ', 'candidate_id_1_32': 'cand_evt_90ad17a57dda4480_ChIJxaf4Ey5f', 'candidate_id_1_33': 'cand_evt_90ad17a57dda4480_ChIJsaCQ-vNZ', 'candidate_id_1_34': 'cand_evt_90ad17a57dda4480_ChIJA9zY7Sxf', 'candidate_id_1_35': 'cand_evt_90ad17a57dda4480_ChIJA0juKzBf', 'candidate_id_1_36': 'cand_evt_90ad17a57dda4480_ChIJN6wFwihZ', 'candidate_id_1_37': 'cand_evt_90ad17a57dda4480_ChIJHQIpg9NY', 'candidate_id_1_38': 'cand_evt_90ad17a57dda4480_ChIJK6yDNjdf', 'candidate_id_1_39': 'cand_evt_90ad17a57dda4480_ChIJ-_hEzDFf', 'candidate_id_1_40': 'cand_evt_90ad17a57dda4480_ChIJ8UEYhUBZ', 'candidate_id_1_41': 'cand_evt_90ad17a57dda4480_ChIJgW6HQC5f', 'candidate_id_1_42': 'cand_evt_90ad17a57dda4480_ChIJp438w91Z', 'candidate_id_1_43': 'cand_evt_90ad17a57dda4480_ChIJhVFByzVf', 'candidate_id_1_44': 'cand_evt_90ad17a57dda4480_ChIJRYEYl_xf', 'candidate_id_1_45': 'cand_evt_90ad17a57dda4480_ChIJzzk5JypZ', 'candidate_id_1_46': 'cand_evt_90ad17a57dda4480_ChIJNbpmRG5Z', 'candidate_id_1_47': 'cand_evt_90ad17a57dda4480_ChIJp9WpPSxZ', 'candidate_id_1_48': 'cand_evt_90ad17a57dda4480_ChIJ64EKfyxf', 'candidate_id_1_49': 'cand_evt_90ad17a57dda4480_ChIJNZMckVVZ', 'candidate_id_1_50': 'cand_evt_90ad17a57dda4480_ChIJp2voCzBZ', 'candidate_id_1_51': 'cand_evt_90ad17a57dda4480_ChIJxZ8_Mq1Z', 'candidate_id_1_52': 'cand_evt_90ad17a57dda4480_ChIJ_acaSDdf', 'candidate_id_1_53': 'cand_evt_90ad17a57dda4480_ChIJAemDtCxf', 'candidate_id_1_54': 'cand_evt_90ad17a57dda4480_ChIJkYuIpTVf', 'candidate_id_1_55': 'cand_evt_90ad17a57dda4480_ChIJp-yKmcVY', 'candidate_id_1_56': 'cand_evt_90ad17a57dda4480_ChIJE1CADS5f', 'candidate_id_1_57': 'cand_evt_90ad17a57dda4480_ChIJV1joCS5f', 'candidate_id_1_58': 'cand_evt_90ad17a57dda4480_ChIJnepkXDBf', 'candidate_id_1_59': 'cand_evt_90ad17a57dda4480_ChIJZfxRn-ZZ'}
2025-10-26 19:36:32,750 INFO sqlalchemy.engine.Engine ROLLBACK
INFO:     127.0.0.1:51275 - "GET /api/v1/events/evt_90ad17a57dda4480/candidates HTTP/1.1" 200 OK
2025-10-26 19:36:32,860 INFO sqlalchemy.engine.Engine BEGIN (implicit)
2025-10-26 19:36:32,861 INFO sqlalchemy.engine.Engine SELECT events.id AS events_id, events.title AS events_title, events.category AS events_category, events.deadline AS events_deadline, events.visibility AS events_visibility, events.allow_vote AS events_allow_vote, events.final_decision AS events_final_decision, events.custom_center_lat AS events_custom_center_lat, events.custom_center_lng AS events_custom_center_lng, events.created_at AS events_created_at, events.expires_at AS events_expires_at, events.deleted_at AS events_deleted_at, events.created_by AS events_created_by 
FROM events 
WHERE events.id = %(id_1)s::VARCHAR AND events.deleted_at IS NULL 
 LIMIT %(param_1)s::INTEGER
2025-10-26 19:36:32,861 INFO sqlalchemy.engine.Engine [cached since 289.9s ago] {'id_1': 'evt_90ad17a57dda4480', 'param_1': 1}
2025-10-26 19:36:32,863 INFO sqlalchemy.engine.Engine ROLLBACK
INFO:     127.0.0.1:51275 - "GET /api/v1/events/evt_90ad17a57dda4480/stream HTTP/1.1" 200 OK
2025-10-26 19:36:40,782 INFO sqlalchemy.engine.Engine BEGIN (implicit)
2025-10-26 19:36:40,782 INFO sqlalchemy.engine.Engine SELECT candidates.id AS candidates_id, candidates.event_id AS candidates_event_id, candidates.place_id AS candidates_place_id, candidates.name AS candidates_name, candidates.address AS candidates_address, candidates.lat AS candidates_lat, candidates.lng AS candidates_lng, candidates.rating AS candidates_rating, candidates.user_ratings_total AS candidates_user_ratings_total, candidates.distance_from_center AS candidates_distance_from_center, candidates.in_circle AS candidates_in_circle, candidates.opening_hours AS candidates_opening_hours, candidates.photo_reference AS candidates_photo_reference, candidates.added_by AS candidates_added_by, candidates.created_at AS candidates_created_at 
FROM candidates 
WHERE candidates.id = %(id_1)s::VARCHAR AND candidates.event_id = %(event_id_1)s::VARCHAR 
 LIMIT %(param_1)s::INTEGER
2025-10-26 19:36:40,782 INFO sqlalchemy.engine.Engine [cached since 293.2s ago] {'id_1': 'cand_evt_90ad17a57dda4480_ChIJJROT1yxf', 'event_id_1': 'evt_90ad17a57dda4480', 'param_1': 1}
2025-10-26 19:36:40,965 INFO sqlalchemy.engine.Engine ROLLBACK
INFO:     127.0.0.1:51329 - "GET /api/v1/events/evt_90ad17a57dda4480/candidates/cand_evt_90ad17a57dda4480_ChIJJROT1yxf/details HTTP/1.1" 200 OK
2025-10-26 19:38:24,567 INFO sqlalchemy.engine.Engine BEGIN (implicit)
2025-10-26 19:38:24,567 INFO sqlalchemy.engine.Engine SELECT events.id AS events_id, events.title AS events_title, events.category AS events_category, events.deadline AS events_deadline, events.visibility AS events_visibility, events.allow_vote AS events_allow_vote, events.final_decision AS events_final_decision, events.custom_center_lat AS events_custom_center_lat, events.custom_center_lng AS events_custom_center_lng, events.created_at AS events_created_at, events.expires_at AS events_expires_at, events.deleted_at AS events_deleted_at, events.created_by AS events_created_by 
FROM events 
WHERE events.id = %(id_1)s::VARCHAR AND events.deleted_at IS NULL 
 LIMIT %(param_1)s::INTEGER
2025-10-26 19:38:24,567 INFO sqlalchemy.engine.Engine [cached since 401.7s ago] {'id_1': 'evt_90ad17a57dda4480', 'param_1': 1}
2025-10-26 19:38:24,569 INFO sqlalchemy.engine.Engine ROLLBACK
INFO:     127.0.0.1:51842 - "GET /api/v1/events/evt_90ad17a57dda4480 HTTP/1.1" 200 OK
2025-10-26 19:38:24,658 INFO sqlalchemy.engine.Engine BEGIN (implicit)
2025-10-26 19:38:24,658 INFO sqlalchemy.engine.Engine SELECT events.id AS events_id, events.title AS events_title, events.category AS events_category, events.deadline AS events_deadline, events.visibility AS events_visibility, events.allow_vote AS events_allow_vote, events.final_decision AS events_final_decision, events.custom_center_lat AS events_custom_center_lat, events.custom_center_lng AS events_custom_center_lng, events.created_at AS events_created_at, events.expires_at AS events_expires_at, events.deleted_at AS events_deleted_at, events.created_by AS events_created_by 
FROM events 
WHERE events.id = %(id_1)s::VARCHAR AND events.deleted_at IS NULL 
 LIMIT %(param_1)s::INTEGER
2025-10-26 19:38:24,658 INFO sqlalchemy.engine.Engine [cached since 401.7s ago] {'id_1': 'evt_90ad17a57dda4480', 'param_1': 1}
2025-10-26 19:38:24,661 INFO sqlalchemy.engine.Engine SELECT participants.id AS participants_id, participants.event_id AS participants_event_id, participants.lat AS participants_lat, participants.lng AS participants_lng, participants.fuzzy_lat AS participants_fuzzy_lat, participants.fuzzy_lng AS participants_fuzzy_lng, participants.name AS participants_name, participants.address AS participants_address, participants.joined_at AS participants_joined_at 
FROM participants 
WHERE participants.event_id = %(event_id_1)s::VARCHAR
2025-10-26 19:38:24,661 INFO sqlalchemy.engine.Engine [cached since 401.7s ago] {'event_id_1': 'evt_90ad17a57dda4480'}
2025-10-26 19:38:24,662 INFO sqlalchemy.engine.Engine ROLLBACK
INFO:     127.0.0.1:51842 - "GET /api/v1/events/evt_90ad17a57dda4480/participants HTTP/1.1" 200 OK
2025-10-26 19:38:25,147 INFO sqlalchemy.engine.Engine BEGIN (implicit)
2025-10-26 19:38:25,147 INFO sqlalchemy.engine.Engine SELECT events.id AS events_id, events.title AS events_title, events.category AS events_category, events.deadline AS events_deadline, events.visibility AS events_visibility, events.allow_vote AS events_allow_vote, events.final_decision AS events_final_decision, events.custom_center_lat AS events_custom_center_lat, events.custom_center_lng AS events_custom_center_lng, events.created_at AS events_created_at, events.expires_at AS events_expires_at, events.deleted_at AS events_deleted_at, events.created_by AS events_created_by 
FROM events 
WHERE events.id = %(id_1)s::VARCHAR AND events.deleted_at IS NULL 
 LIMIT %(param_1)s::INTEGER
2025-10-26 19:38:25,147 INFO sqlalchemy.engine.Engine [cached since 402.2s ago] {'id_1': 'evt_90ad17a57dda4480', 'param_1': 1}
2025-10-26 19:38:25,148 INFO sqlalchemy.engine.Engine SELECT candidates.id AS candidates_id, candidates.event_id AS candidates_event_id, candidates.place_id AS candidates_place_id, candidates.name AS candidates_name, candidates.address AS candidates_address, candidates.lat AS candidates_lat, candidates.lng AS candidates_lng, candidates.rating AS candidates_rating, candidates.user_ratings_total AS candidates_user_ratings_total, candidates.distance_from_center AS candidates_distance_from_center, candidates.in_circle AS candidates_in_circle, candidates.opening_hours AS candidates_opening_hours, candidates.photo_reference AS candidates_photo_reference, candidates.added_by AS candidates_added_by, candidates.created_at AS candidates_created_at 
FROM candidates 
WHERE candidates.event_id = %(event_id_1)s::VARCHAR ORDER BY candidates.rating DESC
2025-10-26 19:38:25,148 INFO sqlalchemy.engine.Engine [cached since 402.2s ago] {'event_id_1': 'evt_90ad17a57dda4480'}
2025-10-26 19:38:25,151 INFO sqlalchemy.engine.Engine SELECT votes.candidate_id AS votes_candidate_id, count(votes.id) AS vote_count 
FROM votes 
WHERE votes.candidate_id IN (%(candidate_id_1_1)s::VARCHAR, %(candidate_id_1_2)s::VARCHAR, %(candidate_id_1_3)s::VARCHAR, %(candidate_id_1_4)s::VARCHAR, %(candidate_id_1_5)s::VARCHAR, %(candidate_id_1_6)s::VARCHAR, %(candidate_id_1_7)s::VARCHAR, %(candidate_id_1_8)s::VARCHAR, %(candidate_id_1_9)s::VARCHAR, %(candidate_id_1_10)s::VARCHAR, %(candidate_id_1_11)s::VARCHAR, %(candidate_id_1_12)s::VARCHAR, %(candidate_id_1_13)s::VARCHAR, %(candidate_id_1_14)s::VARCHAR, %(candidate_id_1_15)s::VARCHAR, %(candidate_id_1_16)s::VARCHAR, %(candidate_id_1_17)s::VARCHAR, %(candidate_id_1_18)s::VARCHAR, %(candidate_id_1_19)s::VARCHAR, %(candidate_id_1_20)s::VARCHAR, %(candidate_id_1_21)s::VARCHAR, %(candidate_id_1_22)s::VARCHAR, %(candidate_id_1_23)s::VARCHAR, %(candidate_id_1_24)s::VARCHAR, %(candidate_id_1_25)s::VARCHAR, %(candidate_id_1_26)s::VARCHAR, %(candidate_id_1_27)s::VARCHAR, %(candidate_id_1_28)s::VARCHAR, %(candidate_id_1_29)s::VARCHAR, %(candidate_id_1_30)s::VARCHAR, %(candidate_id_1_31)s::VARCHAR, %(candidate_id_1_32)s::VARCHAR, %(candidate_id_1_33)s::VARCHAR, %(candidate_id_1_34)s::VARCHAR, %(candidate_id_1_35)s::VARCHAR, %(candidate_id_1_36)s::VARCHAR, %(candidate_id_1_37)s::VARCHAR, %(candidate_id_1_38)s::VARCHAR, %(candidate_id_1_39)s::VARCHAR, %(candidate_id_1_40)s::VARCHAR, %(candidate_id_1_41)s::VARCHAR, %(candidate_id_1_42)s::VARCHAR, %(candidate_id_1_43)s::VARCHAR, %(candidate_id_1_44)s::VARCHAR, %(candidate_id_1_45)s::VARCHAR, %(candidate_id_1_46)s::VARCHAR, %(candidate_id_1_47)s::VARCHAR, %(candidate_id_1_48)s::VARCHAR, %(candidate_id_1_49)s::VARCHAR, %(candidate_id_1_50)s::VARCHAR, %(candidate_id_1_51)s::VARCHAR, %(candidate_id_1_52)s::VARCHAR, %(candidate_id_1_53)s::VARCHAR, %(candidate_id_1_54)s::VARCHAR, %(candidate_id_1_55)s::VARCHAR, %(candidate_id_1_56)s::VARCHAR, %(candidate_id_1_57)s::VARCHAR, %(candidate_id_1_58)s::VARCHAR, %(candidate_id_1_59)s::VARCHAR) GROUP BY votes.candidate_id
2025-10-26 19:38:25,151 INFO sqlalchemy.engine.Engine [cached since 402.2s ago] {'candidate_id_1_1': 'cand_evt_90ad17a57dda4480_ChIJJROT1yxf', 'candidate_id_1_2': 'cand_evt_90ad17a57dda4480_ChIJv1DNafRf', 'candidate_id_1_3': 'cand_evt_90ad17a57dda4480_ChIJMQKGg3Ff', 'candidate_id_1_4': 'cand_evt_90ad17a57dda4480_ChIJ79lCrc1Y', 'candidate_id_1_5': 'cand_evt_90ad17a57dda4480_ChIJicgjodRY', 'candidate_id_1_6': 'cand_evt_90ad17a57dda4480_ChIJpRK5SS5f', 'candidate_id_1_7': 'cand_evt_90ad17a57dda4480_ChIJN5xZFJRZ', 'candidate_id_1_8': 'cand_evt_90ad17a57dda4480_ChIJuYT7ZXpf', 'candidate_id_1_9': 'cand_evt_90ad17a57dda4480_ChIJrZS3dCRZ', 'candidate_id_1_10': 'cand_evt_90ad17a57dda4480_ChIJ4UMDmvtZ', 'candidate_id_1_11': 'cand_evt_90ad17a57dda4480_ChIJX3m3RoJf', 'candidate_id_1_12': 'cand_evt_90ad17a57dda4480_ChIJB8hMy4tf', 'candidate_id_1_13': 'cand_evt_90ad17a57dda4480_ChIJZVKQjtZe', 'candidate_id_1_14': 'cand_evt_90ad17a57dda4480_ChIJKePvPk5Z', 'candidate_id_1_15': 'cand_evt_90ad17a57dda4480_ChIJQ16ZBGhf', 'candidate_id_1_16': 'cand_evt_90ad17a57dda4480_ChIJ0T9xRi5f', 'candidate_id_1_17': 'cand_evt_90ad17a57dda4480_ChIJWXJ-2MhZ', 'candidate_id_1_18': 'cand_evt_90ad17a57dda4480_ChIJD0wDQFpZ', 'candidate_id_1_19': 'cand_evt_90ad17a57dda4480_ChIJEz0N7yVZ', 'candidate_id_1_20': 'cand_evt_90ad17a57dda4480_ChIJWTq1bSxf', 'candidate_id_1_21': 'cand_evt_90ad17a57dda4480_ChIJ9yi_ITdf', 'candidate_id_1_22': 'cand_evt_90ad17a57dda4480_ChIJJWxQSC5f', 'candidate_id_1_23': 'cand_evt_90ad17a57dda4480_ChIJcy1LrTBf', 'candidate_id_1_24': 'cand_evt_90ad17a57dda4480_ChIJcRXQOzdf', 'candidate_id_1_25': 'cand_evt_90ad17a57dda4480_ChIJpRaITSRZ', 'candidate_id_1_26': 'cand_evt_90ad17a57dda4480_ChIJBTuSXqhf', 'candidate_id_1_27': 'cand_evt_90ad17a57dda4480_ChIJXwfMPy5f', 'candidate_id_1_28': 'cand_evt_90ad17a57dda4480_ChIJe0qdh8JZ', 'candidate_id_1_29': 'cand_evt_90ad17a57dda4480_ChIJlXecQSpZ', 'candidate_id_1_30': 'cand_evt_90ad17a57dda4480_ChIJqe-Kai5f', 'candidate_id_1_31': 'cand_evt_90ad17a57dda4480_ChIJ5zpm8ChZ', 'candidate_id_1_32': 'cand_evt_90ad17a57dda4480_ChIJxaf4Ey5f', 'candidate_id_1_33': 'cand_evt_90ad17a57dda4480_ChIJsaCQ-vNZ', 'candidate_id_1_34': 'cand_evt_90ad17a57dda4480_ChIJA9zY7Sxf', 'candidate_id_1_35': 'cand_evt_90ad17a57dda4480_ChIJA0juKzBf', 'candidate_id_1_36': 'cand_evt_90ad17a57dda4480_ChIJN6wFwihZ', 'candidate_id_1_37': 'cand_evt_90ad17a57dda4480_ChIJHQIpg9NY', 'candidate_id_1_38': 'cand_evt_90ad17a57dda4480_ChIJK6yDNjdf', 'candidate_id_1_39': 'cand_evt_90ad17a57dda4480_ChIJ-_hEzDFf', 'candidate_id_1_40': 'cand_evt_90ad17a57dda4480_ChIJ8UEYhUBZ', 'candidate_id_1_41': 'cand_evt_90ad17a57dda4480_ChIJgW6HQC5f', 'candidate_id_1_42': 'cand_evt_90ad17a57dda4480_ChIJp438w91Z', 'candidate_id_1_43': 'cand_evt_90ad17a57dda4480_ChIJhVFByzVf', 'candidate_id_1_44': 'cand_evt_90ad17a57dda4480_ChIJRYEYl_xf', 'candidate_id_1_45': 'cand_evt_90ad17a57dda4480_ChIJzzk5JypZ', 'candidate_id_1_46': 'cand_evt_90ad17a57dda4480_ChIJNbpmRG5Z', 'candidate_id_1_47': 'cand_evt_90ad17a57dda4480_ChIJp9WpPSxZ', 'candidate_id_1_48': 'cand_evt_90ad17a57dda4480_ChIJ64EKfyxf', 'candidate_id_1_49': 'cand_evt_90ad17a57dda4480_ChIJNZMckVVZ', 'candidate_id_1_50': 'cand_evt_90ad17a57dda4480_ChIJp2voCzBZ', 'candidate_id_1_51': 'cand_evt_90ad17a57dda4480_ChIJxZ8_Mq1Z', 'candidate_id_1_52': 'cand_evt_90ad17a57dda4480_ChIJ_acaSDdf', 'candidate_id_1_53': 'cand_evt_90ad17a57dda4480_ChIJAemDtCxf', 'candidate_id_1_54': 'cand_evt_90ad17a57dda4480_ChIJkYuIpTVf', 'candidate_id_1_55': 'cand_evt_90ad17a57dda4480_ChIJp-yKmcVY', 'candidate_id_1_56': 'cand_evt_90ad17a57dda4480_ChIJE1CADS5f', 'candidate_id_1_57': 'cand_evt_90ad17a57dda4480_ChIJV1joCS5f', 'candidate_id_1_58': 'cand_evt_90ad17a57dda4480_ChIJnepkXDBf', 'candidate_id_1_59': 'cand_evt_90ad17a57dda4480_ChIJZfxRn-ZZ'}
2025-10-26 19:38:25,153 INFO sqlalchemy.engine.Engine ROLLBACK
INFO:     127.0.0.1:51842 - "GET /api/v1/events/evt_90ad17a57dda4480/candidates HTTP/1.1" 200 OK
2025-10-26 19:38:25,234 INFO sqlalchemy.engine.Engine BEGIN (implicit)
2025-10-26 19:38:25,234 INFO sqlalchemy.engine.Engine SELECT votes.id AS votes_id, votes.event_id AS votes_event_id, votes.participant_id AS votes_participant_id, votes.candidate_id AS votes_candidate_id, votes.voted_at AS votes_voted_at 
FROM votes 
WHERE votes.event_id = %(event_id_1)s::VARCHAR AND votes.participant_id = %(participant_id_1)s::VARCHAR
2025-10-26 19:38:25,234 INFO sqlalchemy.engine.Engine [cached since 344.4s ago] {'event_id_1': 'evt_90ad17a57dda4480', 'participant_id_1': 'p_f2acd82a1ec3'}
2025-10-26 19:38:25,235 INFO sqlalchemy.engine.Engine ROLLBACK
INFO:     127.0.0.1:51842 - "GET /api/v1/events/evt_90ad17a57dda4480/votes?participant_id=p_f2acd82a1ec3 HTTP/1.1" 200 OK
2025-10-26 19:38:25,306 INFO sqlalchemy.engine.Engine BEGIN (implicit)
2025-10-26 19:38:25,306 INFO sqlalchemy.engine.Engine SELECT events.id AS events_id, events.title AS events_title, events.category AS events_category, events.deadline AS events_deadline, events.visibility AS events_visibility, events.allow_vote AS events_allow_vote, events.final_decision AS events_final_decision, events.custom_center_lat AS events_custom_center_lat, events.custom_center_lng AS events_custom_center_lng, events.created_at AS events_created_at, events.expires_at AS events_expires_at, events.deleted_at AS events_deleted_at, events.created_by AS events_created_by 
FROM events 
WHERE events.id = %(id_1)s::VARCHAR AND events.deleted_at IS NULL 
 LIMIT %(param_1)s::INTEGER
2025-10-26 19:38:25,306 INFO sqlalchemy.engine.Engine [cached since 402.4s ago] {'id_1': 'evt_90ad17a57dda4480', 'param_1': 1}
2025-10-26 19:38:25,308 INFO sqlalchemy.engine.Engine ROLLBACK
INFO:     127.0.0.1:51842 - "GET /api/v1/events/evt_90ad17a57dda4480/stream HTTP/1.1" 200 OK
2025-10-26 19:38:45,178 INFO sqlalchemy.engine.Engine BEGIN (implicit)
2025-10-26 19:38:45,178 INFO sqlalchemy.engine.Engine SELECT users.id AS users_id, users.email AS users_email, users.hashed_password AS users_hashed_password, users.name AS users_name, users.bio AS users_bio, users.avatar AS users_avatar, users.created_at AS users_created_at, users.last_login AS users_last_login, users.is_active AS users_is_active 
FROM users 
WHERE users.id = %(id_1)s::VARCHAR AND users.is_active = true 
 LIMIT %(param_1)s::INTEGER
2025-10-26 19:38:45,178 INFO sqlalchemy.engine.Engine [cached since 422.3s ago] {'id_1': 'user_a8826615b32f414d', 'param_1': 1}
2025-10-26 19:38:45,180 INFO sqlalchemy.engine.Engine ROLLBACK
INFO:     127.0.0.1:51952 - "GET /api/v1/auth/me HTTP/1.1" 200 OK
2025-10-26 19:38:45,183 INFO sqlalchemy.engine.Engine BEGIN (implicit)
2025-10-26 19:38:45,183 INFO sqlalchemy.engine.Engine SELECT events.id AS events_id, events.title AS events_title, events.category AS events_category, events.deadline AS events_deadline, events.visibility AS events_visibility, events.allow_vote AS events_allow_vote, events.final_decision AS events_final_decision, events.custom_center_lat AS events_custom_center_lat, events.custom_center_lng AS events_custom_center_lng, events.created_at AS events_created_at, events.expires_at AS events_expires_at, events.deleted_at AS events_deleted_at, events.created_by AS events_created_by 
FROM events 
WHERE events.id = %(id_1)s::VARCHAR AND events.deleted_at IS NULL 
 LIMIT %(param_1)s::INTEGER
2025-10-26 19:38:45,183 INFO sqlalchemy.engine.Engine [cached since 422.3s ago] {'id_1': 'evt_90ad17a57dda4480', 'param_1': 1}
2025-10-26 19:38:45,185 INFO sqlalchemy.engine.Engine ROLLBACK
INFO:     127.0.0.1:51952 - "GET /api/v1/events/evt_90ad17a57dda4480 HTTP/1.1" 200 OK
2025-10-26 19:38:45,197 INFO sqlalchemy.engine.Engine BEGIN (implicit)
2025-10-26 19:38:45,197 INFO sqlalchemy.engine.Engine SELECT events.id AS events_id, events.title AS events_title, events.category AS events_category, events.deadline AS events_deadline, events.visibility AS events_visibility, events.allow_vote AS events_allow_vote, events.final_decision AS events_final_decision, events.custom_center_lat AS events_custom_center_lat, events.custom_center_lng AS events_custom_center_lng, events.created_at AS events_created_at, events.expires_at AS events_expires_at, events.deleted_at AS events_deleted_at, events.created_by AS events_created_by 
FROM events 
WHERE events.id = %(id_1)s::VARCHAR AND events.deleted_at IS NULL 
 LIMIT %(param_1)s::INTEGER
2025-10-26 19:38:45,197 INFO sqlalchemy.engine.Engine [cached since 422.3s ago] {'id_1': 'evt_90ad17a57dda4480', 'param_1': 1}
2025-10-26 19:38:45,198 INFO sqlalchemy.engine.Engine SELECT participants.id AS participants_id, participants.event_id AS participants_event_id, participants.lat AS participants_lat, participants.lng AS participants_lng, participants.fuzzy_lat AS participants_fuzzy_lat, participants.fuzzy_lng AS participants_fuzzy_lng, participants.name AS participants_name, participants.address AS participants_address, participants.joined_at AS participants_joined_at 
FROM participants 
WHERE participants.event_id = %(event_id_1)s::VARCHAR
2025-10-26 19:38:45,199 INFO sqlalchemy.engine.Engine [cached since 422.3s ago] {'event_id_1': 'evt_90ad17a57dda4480'}
2025-10-26 19:38:45,200 INFO sqlalchemy.engine.Engine ROLLBACK
INFO:     127.0.0.1:51952 - "GET /api/v1/events/evt_90ad17a57dda4480/participants HTTP/1.1" 200 OK
2025-10-26 19:38:45,204 INFO sqlalchemy.engine.Engine BEGIN (implicit)
2025-10-26 19:38:45,204 INFO sqlalchemy.engine.Engine SELECT events.id AS events_id, events.title AS events_title, events.category AS events_category, events.deadline AS events_deadline, events.visibility AS events_visibility, events.allow_vote AS events_allow_vote, events.final_decision AS events_final_decision, events.custom_center_lat AS events_custom_center_lat, events.custom_center_lng AS events_custom_center_lng, events.created_at AS events_created_at, events.expires_at AS events_expires_at, events.deleted_at AS events_deleted_at, events.created_by AS events_created_by 
FROM events 
WHERE events.id = %(id_1)s::VARCHAR AND events.deleted_at IS NULL 
 LIMIT %(param_1)s::INTEGER
2025-10-26 19:38:45,204 INFO sqlalchemy.engine.Engine [cached since 422.3s ago] {'id_1': 'evt_90ad17a57dda4480', 'param_1': 1}
2025-10-26 19:38:45,207 INFO sqlalchemy.engine.Engine SELECT candidates.id AS candidates_id, candidates.event_id AS candidates_event_id, candidates.place_id AS candidates_place_id, candidates.name AS candidates_name, candidates.address AS candidates_address, candidates.lat AS candidates_lat, candidates.lng AS candidates_lng, candidates.rating AS candidates_rating, candidates.user_ratings_total AS candidates_user_ratings_total, candidates.distance_from_center AS candidates_distance_from_center, candidates.in_circle AS candidates_in_circle, candidates.opening_hours AS candidates_opening_hours, candidates.photo_reference AS candidates_photo_reference, candidates.added_by AS candidates_added_by, candidates.created_at AS candidates_created_at 
FROM candidates 
WHERE candidates.event_id = %(event_id_1)s::VARCHAR ORDER BY candidates.rating DESC
2025-10-26 19:38:45,207 INFO sqlalchemy.engine.Engine [cached since 422.3s ago] {'event_id_1': 'evt_90ad17a57dda4480'}
2025-10-26 19:38:45,210 INFO sqlalchemy.engine.Engine SELECT votes.candidate_id AS votes_candidate_id, count(votes.id) AS vote_count 
FROM votes 
WHERE votes.candidate_id IN (%(candidate_id_1_1)s::VARCHAR, %(candidate_id_1_2)s::VARCHAR, %(candidate_id_1_3)s::VARCHAR, %(candidate_id_1_4)s::VARCHAR, %(candidate_id_1_5)s::VARCHAR, %(candidate_id_1_6)s::VARCHAR, %(candidate_id_1_7)s::VARCHAR, %(candidate_id_1_8)s::VARCHAR, %(candidate_id_1_9)s::VARCHAR, %(candidate_id_1_10)s::VARCHAR, %(candidate_id_1_11)s::VARCHAR, %(candidate_id_1_12)s::VARCHAR, %(candidate_id_1_13)s::VARCHAR, %(candidate_id_1_14)s::VARCHAR, %(candidate_id_1_15)s::VARCHAR, %(candidate_id_1_16)s::VARCHAR, %(candidate_id_1_17)s::VARCHAR, %(candidate_id_1_18)s::VARCHAR, %(candidate_id_1_19)s::VARCHAR, %(candidate_id_1_20)s::VARCHAR, %(candidate_id_1_21)s::VARCHAR, %(candidate_id_1_22)s::VARCHAR, %(candidate_id_1_23)s::VARCHAR, %(candidate_id_1_24)s::VARCHAR, %(candidate_id_1_25)s::VARCHAR, %(candidate_id_1_26)s::VARCHAR, %(candidate_id_1_27)s::VARCHAR, %(candidate_id_1_28)s::VARCHAR, %(candidate_id_1_29)s::VARCHAR, %(candidate_id_1_30)s::VARCHAR, %(candidate_id_1_31)s::VARCHAR, %(candidate_id_1_32)s::VARCHAR, %(candidate_id_1_33)s::VARCHAR, %(candidate_id_1_34)s::VARCHAR, %(candidate_id_1_35)s::VARCHAR, %(candidate_id_1_36)s::VARCHAR, %(candidate_id_1_37)s::VARCHAR, %(candidate_id_1_38)s::VARCHAR, %(candidate_id_1_39)s::VARCHAR, %(candidate_id_1_40)s::VARCHAR, %(candidate_id_1_41)s::VARCHAR, %(candidate_id_1_42)s::VARCHAR, %(candidate_id_1_43)s::VARCHAR, %(candidate_id_1_44)s::VARCHAR, %(candidate_id_1_45)s::VARCHAR, %(candidate_id_1_46)s::VARCHAR, %(candidate_id_1_47)s::VARCHAR, %(candidate_id_1_48)s::VARCHAR, %(candidate_id_1_49)s::VARCHAR, %(candidate_id_1_50)s::VARCHAR, %(candidate_id_1_51)s::VARCHAR, %(candidate_id_1_52)s::VARCHAR, %(candidate_id_1_53)s::VARCHAR, %(candidate_id_1_54)s::VARCHAR, %(candidate_id_1_55)s::VARCHAR, %(candidate_id_1_56)s::VARCHAR, %(candidate_id_1_57)s::VARCHAR, %(candidate_id_1_58)s::VARCHAR, %(candidate_id_1_59)s::VARCHAR) GROUP BY votes.candidate_id
2025-10-26 19:38:45,210 INFO sqlalchemy.engine.Engine [cached since 422.3s ago] {'candidate_id_1_1': 'cand_evt_90ad17a57dda4480_ChIJJROT1yxf', 'candidate_id_1_2': 'cand_evt_90ad17a57dda4480_ChIJv1DNafRf', 'candidate_id_1_3': 'cand_evt_90ad17a57dda4480_ChIJMQKGg3Ff', 'candidate_id_1_4': 'cand_evt_90ad17a57dda4480_ChIJ79lCrc1Y', 'candidate_id_1_5': 'cand_evt_90ad17a57dda4480_ChIJicgjodRY', 'candidate_id_1_6': 'cand_evt_90ad17a57dda4480_ChIJpRK5SS5f', 'candidate_id_1_7': 'cand_evt_90ad17a57dda4480_ChIJN5xZFJRZ', 'candidate_id_1_8': 'cand_evt_90ad17a57dda4480_ChIJuYT7ZXpf', 'candidate_id_1_9': 'cand_evt_90ad17a57dda4480_ChIJrZS3dCRZ', 'candidate_id_1_10': 'cand_evt_90ad17a57dda4480_ChIJ4UMDmvtZ', 'candidate_id_1_11': 'cand_evt_90ad17a57dda4480_ChIJX3m3RoJf', 'candidate_id_1_12': 'cand_evt_90ad17a57dda4480_ChIJB8hMy4tf', 'candidate_id_1_13': 'cand_evt_90ad17a57dda4480_ChIJZVKQjtZe', 'candidate_id_1_14': 'cand_evt_90ad17a57dda4480_ChIJKePvPk5Z', 'candidate_id_1_15': 'cand_evt_90ad17a57dda4480_ChIJQ16ZBGhf', 'candidate_id_1_16': 'cand_evt_90ad17a57dda4480_ChIJ0T9xRi5f', 'candidate_id_1_17': 'cand_evt_90ad17a57dda4480_ChIJWXJ-2MhZ', 'candidate_id_1_18': 'cand_evt_90ad17a57dda4480_ChIJD0wDQFpZ', 'candidate_id_1_19': 'cand_evt_90ad17a57dda4480_ChIJEz0N7yVZ', 'candidate_id_1_20': 'cand_evt_90ad17a57dda4480_ChIJWTq1bSxf', 'candidate_id_1_21': 'cand_evt_90ad17a57dda4480_ChIJ9yi_ITdf', 'candidate_id_1_22': 'cand_evt_90ad17a57dda4480_ChIJJWxQSC5f', 'candidate_id_1_23': 'cand_evt_90ad17a57dda4480_ChIJcy1LrTBf', 'candidate_id_1_24': 'cand_evt_90ad17a57dda4480_ChIJcRXQOzdf', 'candidate_id_1_25': 'cand_evt_90ad17a57dda4480_ChIJpRaITSRZ', 'candidate_id_1_26': 'cand_evt_90ad17a57dda4480_ChIJBTuSXqhf', 'candidate_id_1_27': 'cand_evt_90ad17a57dda4480_ChIJXwfMPy5f', 'candidate_id_1_28': 'cand_evt_90ad17a57dda4480_ChIJe0qdh8JZ', 'candidate_id_1_29': 'cand_evt_90ad17a57dda4480_ChIJlXecQSpZ', 'candidate_id_1_30': 'cand_evt_90ad17a57dda4480_ChIJqe-Kai5f', 'candidate_id_1_31': 'cand_evt_90ad17a57dda4480_ChIJ5zpm8ChZ', 'candidate_id_1_32': 'cand_evt_90ad17a57dda4480_ChIJxaf4Ey5f', 'candidate_id_1_33': 'cand_evt_90ad17a57dda4480_ChIJsaCQ-vNZ', 'candidate_id_1_34': 'cand_evt_90ad17a57dda4480_ChIJA9zY7Sxf', 'candidate_id_1_35': 'cand_evt_90ad17a57dda4480_ChIJA0juKzBf', 'candidate_id_1_36': 'cand_evt_90ad17a57dda4480_ChIJN6wFwihZ', 'candidate_id_1_37': 'cand_evt_90ad17a57dda4480_ChIJHQIpg9NY', 'candidate_id_1_38': 'cand_evt_90ad17a57dda4480_ChIJK6yDNjdf', 'candidate_id_1_39': 'cand_evt_90ad17a57dda4480_ChIJ-_hEzDFf', 'candidate_id_1_40': 'cand_evt_90ad17a57dda4480_ChIJ8UEYhUBZ', 'candidate_id_1_41': 'cand_evt_90ad17a57dda4480_ChIJgW6HQC5f', 'candidate_id_1_42': 'cand_evt_90ad17a57dda4480_ChIJp438w91Z', 'candidate_id_1_43': 'cand_evt_90ad17a57dda4480_ChIJhVFByzVf', 'candidate_id_1_44': 'cand_evt_90ad17a57dda4480_ChIJRYEYl_xf', 'candidate_id_1_45': 'cand_evt_90ad17a57dda4480_ChIJzzk5JypZ', 'candidate_id_1_46': 'cand_evt_90ad17a57dda4480_ChIJNbpmRG5Z', 'candidate_id_1_47': 'cand_evt_90ad17a57dda4480_ChIJp9WpPSxZ', 'candidate_id_1_48': 'cand_evt_90ad17a57dda4480_ChIJ64EKfyxf', 'candidate_id_1_49': 'cand_evt_90ad17a57dda4480_ChIJNZMckVVZ', 'candidate_id_1_50': 'cand_evt_90ad17a57dda4480_ChIJp2voCzBZ', 'candidate_id_1_51': 'cand_evt_90ad17a57dda4480_ChIJxZ8_Mq1Z', 'candidate_id_1_52': 'cand_evt_90ad17a57dda4480_ChIJ_acaSDdf', 'candidate_id_1_53': 'cand_evt_90ad17a57dda4480_ChIJAemDtCxf', 'candidate_id_1_54': 'cand_evt_90ad17a57dda4480_ChIJkYuIpTVf', 'candidate_id_1_55': 'cand_evt_90ad17a57dda4480_ChIJp-yKmcVY', 'candidate_id_1_56': 'cand_evt_90ad17a57dda4480_ChIJE1CADS5f', 'candidate_id_1_57': 'cand_evt_90ad17a57dda4480_ChIJV1joCS5f', 'candidate_id_1_58': 'cand_evt_90ad17a57dda4480_ChIJnepkXDBf', 'candidate_id_1_59': 'cand_evt_90ad17a57dda4480_ChIJZfxRn-ZZ'}
2025-10-26 19:38:45,212 INFO sqlalchemy.engine.Engine ROLLBACK
INFO:     127.0.0.1:51952 - "GET /api/v1/events/evt_90ad17a57dda4480/candidates HTTP/1.1" 200 OK
2025-10-26 19:38:45,319 INFO sqlalchemy.engine.Engine BEGIN (implicit)
2025-10-26 19:38:45,319 INFO sqlalchemy.engine.Engine SELECT events.id AS events_id, events.title AS events_title, events.category AS events_category, events.deadline AS events_deadline, events.visibility AS events_visibility, events.allow_vote AS events_allow_vote, events.final_decision AS events_final_decision, events.custom_center_lat AS events_custom_center_lat, events.custom_center_lng AS events_custom_center_lng, events.created_at AS events_created_at, events.expires_at AS events_expires_at, events.deleted_at AS events_deleted_at, events.created_by AS events_created_by 
FROM events 
WHERE events.id = %(id_1)s::VARCHAR AND events.deleted_at IS NULL 
 LIMIT %(param_1)s::INTEGER
2025-10-26 19:38:45,319 INFO sqlalchemy.engine.Engine [cached since 422.4s ago] {'id_1': 'evt_90ad17a57dda4480', 'param_1': 1}
2025-10-26 19:38:45,321 INFO sqlalchemy.engine.Engine ROLLBACK
INFO:     127.0.0.1:51952 - "GET /api/v1/events/evt_90ad17a57dda4480/stream HTTP/1.1" 200 OK
2025-10-26 19:39:35,636 INFO sqlalchemy.engine.Engine BEGIN (implicit)
2025-10-26 19:39:35,636 INFO sqlalchemy.engine.Engine SELECT events.id AS events_id, events.title AS events_title, events.category AS events_category, events.deadline AS events_deadline, events.visibility AS events_visibility, events.allow_vote AS events_allow_vote, events.final_decision AS events_final_decision, events.custom_center_lat AS events_custom_center_lat, events.custom_center_lng AS events_custom_center_lng, events.created_at AS events_created_at, events.expires_at AS events_expires_at, events.deleted_at AS events_deleted_at, events.created_by AS events_created_by 
FROM events 
WHERE events.id = %(id_1)s::VARCHAR AND events.deleted_at IS NULL 
 LIMIT %(param_1)s::INTEGER
2025-10-26 19:39:35,636 INFO sqlalchemy.engine.Engine [cached since 472.7s ago] {'id_1': 'evt_90ad17a57dda4480', 'param_1': 1}
2025-10-26 19:39:35,638 INFO sqlalchemy.engine.Engine ROLLBACK
INFO:     127.0.0.1:52206 - "GET /api/v1/events/evt_90ad17a57dda4480 HTTP/1.1" 200 OK
2025-10-26 19:39:35,644 INFO sqlalchemy.engine.Engine BEGIN (implicit)
2025-10-26 19:39:35,645 INFO sqlalchemy.engine.Engine SELECT events.id AS events_id, events.title AS events_title, events.category AS events_category, events.deadline AS events_deadline, events.visibility AS events_visibility, events.allow_vote AS events_allow_vote, events.final_decision AS events_final_decision, events.custom_center_lat AS events_custom_center_lat, events.custom_center_lng AS events_custom_center_lng, events.created_at AS events_created_at, events.expires_at AS events_expires_at, events.deleted_at AS events_deleted_at, events.created_by AS events_created_by 
FROM events 
WHERE events.id = %(id_1)s::VARCHAR AND events.deleted_at IS NULL 
 LIMIT %(param_1)s::INTEGER
2025-10-26 19:39:35,645 INFO sqlalchemy.engine.Engine [cached since 472.7s ago] {'id_1': 'evt_90ad17a57dda4480', 'param_1': 1}
2025-10-26 19:39:35,648 INFO sqlalchemy.engine.Engine SELECT participants.id AS participants_id, participants.event_id AS participants_event_id, participants.lat AS participants_lat, participants.lng AS participants_lng, participants.fuzzy_lat AS participants_fuzzy_lat, participants.fuzzy_lng AS participants_fuzzy_lng, participants.name AS participants_name, participants.address AS participants_address, participants.joined_at AS participants_joined_at 
FROM participants 
WHERE participants.event_id = %(event_id_1)s::VARCHAR
2025-10-26 19:39:35,648 INFO sqlalchemy.engine.Engine [cached since 472.7s ago] {'event_id_1': 'evt_90ad17a57dda4480'}
2025-10-26 19:39:35,650 INFO sqlalchemy.engine.Engine ROLLBACK
INFO:     127.0.0.1:52206 - "GET /api/v1/events/evt_90ad17a57dda4480/participants HTTP/1.1" 200 OK
2025-10-26 19:39:35,655 INFO sqlalchemy.engine.Engine BEGIN (implicit)
2025-10-26 19:39:35,655 INFO sqlalchemy.engine.Engine SELECT events.id AS events_id, events.title AS events_title, events.category AS events_category, events.deadline AS events_deadline, events.visibility AS events_visibility, events.allow_vote AS events_allow_vote, events.final_decision AS events_final_decision, events.custom_center_lat AS events_custom_center_lat, events.custom_center_lng AS events_custom_center_lng, events.created_at AS events_created_at, events.expires_at AS events_expires_at, events.deleted_at AS events_deleted_at, events.created_by AS events_created_by 
FROM events 
WHERE events.id = %(id_1)s::VARCHAR AND events.deleted_at IS NULL 
 LIMIT %(param_1)s::INTEGER
2025-10-26 19:39:35,655 INFO sqlalchemy.engine.Engine [cached since 472.7s ago] {'id_1': 'evt_90ad17a57dda4480', 'param_1': 1}
2025-10-26 19:39:35,663 INFO sqlalchemy.engine.Engine SELECT candidates.id AS candidates_id, candidates.event_id AS candidates_event_id, candidates.place_id AS candidates_place_id, candidates.name AS candidates_name, candidates.address AS candidates_address, candidates.lat AS candidates_lat, candidates.lng AS candidates_lng, candidates.rating AS candidates_rating, candidates.user_ratings_total AS candidates_user_ratings_total, candidates.distance_from_center AS candidates_distance_from_center, candidates.in_circle AS candidates_in_circle, candidates.opening_hours AS candidates_opening_hours, candidates.photo_reference AS candidates_photo_reference, candidates.added_by AS candidates_added_by, candidates.created_at AS candidates_created_at 
FROM candidates 
WHERE candidates.event_id = %(event_id_1)s::VARCHAR ORDER BY candidates.rating DESC
2025-10-26 19:39:35,663 INFO sqlalchemy.engine.Engine [cached since 472.7s ago] {'event_id_1': 'evt_90ad17a57dda4480'}
2025-10-26 19:39:35,668 INFO sqlalchemy.engine.Engine SELECT votes.candidate_id AS votes_candidate_id, count(votes.id) AS vote_count 
FROM votes 
WHERE votes.candidate_id IN (%(candidate_id_1_1)s::VARCHAR, %(candidate_id_1_2)s::VARCHAR, %(candidate_id_1_3)s::VARCHAR, %(candidate_id_1_4)s::VARCHAR, %(candidate_id_1_5)s::VARCHAR, %(candidate_id_1_6)s::VARCHAR, %(candidate_id_1_7)s::VARCHAR, %(candidate_id_1_8)s::VARCHAR, %(candidate_id_1_9)s::VARCHAR, %(candidate_id_1_10)s::VARCHAR, %(candidate_id_1_11)s::VARCHAR, %(candidate_id_1_12)s::VARCHAR, %(candidate_id_1_13)s::VARCHAR, %(candidate_id_1_14)s::VARCHAR, %(candidate_id_1_15)s::VARCHAR, %(candidate_id_1_16)s::VARCHAR, %(candidate_id_1_17)s::VARCHAR, %(candidate_id_1_18)s::VARCHAR, %(candidate_id_1_19)s::VARCHAR, %(candidate_id_1_20)s::VARCHAR, %(candidate_id_1_21)s::VARCHAR, %(candidate_id_1_22)s::VARCHAR, %(candidate_id_1_23)s::VARCHAR, %(candidate_id_1_24)s::VARCHAR, %(candidate_id_1_25)s::VARCHAR, %(candidate_id_1_26)s::VARCHAR, %(candidate_id_1_27)s::VARCHAR, %(candidate_id_1_28)s::VARCHAR, %(candidate_id_1_29)s::VARCHAR, %(candidate_id_1_30)s::VARCHAR, %(candidate_id_1_31)s::VARCHAR, %(candidate_id_1_32)s::VARCHAR, %(candidate_id_1_33)s::VARCHAR, %(candidate_id_1_34)s::VARCHAR, %(candidate_id_1_35)s::VARCHAR, %(candidate_id_1_36)s::VARCHAR, %(candidate_id_1_37)s::VARCHAR, %(candidate_id_1_38)s::VARCHAR, %(candidate_id_1_39)s::VARCHAR, %(candidate_id_1_40)s::VARCHAR, %(candidate_id_1_41)s::VARCHAR, %(candidate_id_1_42)s::VARCHAR, %(candidate_id_1_43)s::VARCHAR, %(candidate_id_1_44)s::VARCHAR, %(candidate_id_1_45)s::VARCHAR, %(candidate_id_1_46)s::VARCHAR, %(candidate_id_1_47)s::VARCHAR, %(candidate_id_1_48)s::VARCHAR, %(candidate_id_1_49)s::VARCHAR, %(candidate_id_1_50)s::VARCHAR, %(candidate_id_1_51)s::VARCHAR, %(candidate_id_1_52)s::VARCHAR, %(candidate_id_1_53)s::VARCHAR, %(candidate_id_1_54)s::VARCHAR, %(candidate_id_1_55)s::VARCHAR, %(candidate_id_1_56)s::VARCHAR, %(candidate_id_1_57)s::VARCHAR, %(candidate_id_1_58)s::VARCHAR, %(candidate_id_1_59)s::VARCHAR) GROUP BY votes.candidate_id
2025-10-26 19:39:35,668 INFO sqlalchemy.engine.Engine [cached since 472.7s ago] {'candidate_id_1_1': 'cand_evt_90ad17a57dda4480_ChIJJROT1yxf', 'candidate_id_1_2': 'cand_evt_90ad17a57dda4480_ChIJv1DNafRf', 'candidate_id_1_3': 'cand_evt_90ad17a57dda4480_ChIJMQKGg3Ff', 'candidate_id_1_4': 'cand_evt_90ad17a57dda4480_ChIJ79lCrc1Y', 'candidate_id_1_5': 'cand_evt_90ad17a57dda4480_ChIJicgjodRY', 'candidate_id_1_6': 'cand_evt_90ad17a57dda4480_ChIJpRK5SS5f', 'candidate_id_1_7': 'cand_evt_90ad17a57dda4480_ChIJN5xZFJRZ', 'candidate_id_1_8': 'cand_evt_90ad17a57dda4480_ChIJuYT7ZXpf', 'candidate_id_1_9': 'cand_evt_90ad17a57dda4480_ChIJrZS3dCRZ', 'candidate_id_1_10': 'cand_evt_90ad17a57dda4480_ChIJ4UMDmvtZ', 'candidate_id_1_11': 'cand_evt_90ad17a57dda4480_ChIJX3m3RoJf', 'candidate_id_1_12': 'cand_evt_90ad17a57dda4480_ChIJB8hMy4tf', 'candidate_id_1_13': 'cand_evt_90ad17a57dda4480_ChIJZVKQjtZe', 'candidate_id_1_14': 'cand_evt_90ad17a57dda4480_ChIJKePvPk5Z', 'candidate_id_1_15': 'cand_evt_90ad17a57dda4480_ChIJQ16ZBGhf', 'candidate_id_1_16': 'cand_evt_90ad17a57dda4480_ChIJ0T9xRi5f', 'candidate_id_1_17': 'cand_evt_90ad17a57dda4480_ChIJWXJ-2MhZ', 'candidate_id_1_18': 'cand_evt_90ad17a57dda4480_ChIJD0wDQFpZ', 'candidate_id_1_19': 'cand_evt_90ad17a57dda4480_ChIJEz0N7yVZ', 'candidate_id_1_20': 'cand_evt_90ad17a57dda4480_ChIJWTq1bSxf', 'candidate_id_1_21': 'cand_evt_90ad17a57dda4480_ChIJ9yi_ITdf', 'candidate_id_1_22': 'cand_evt_90ad17a57dda4480_ChIJJWxQSC5f', 'candidate_id_1_23': 'cand_evt_90ad17a57dda4480_ChIJcy1LrTBf', 'candidate_id_1_24': 'cand_evt_90ad17a57dda4480_ChIJcRXQOzdf', 'candidate_id_1_25': 'cand_evt_90ad17a57dda4480_ChIJpRaITSRZ', 'candidate_id_1_26': 'cand_evt_90ad17a57dda4480_ChIJBTuSXqhf', 'candidate_id_1_27': 'cand_evt_90ad17a57dda4480_ChIJXwfMPy5f', 'candidate_id_1_28': 'cand_evt_90ad17a57dda4480_ChIJe0qdh8JZ', 'candidate_id_1_29': 'cand_evt_90ad17a57dda4480_ChIJlXecQSpZ', 'candidate_id_1_30': 'cand_evt_90ad17a57dda4480_ChIJqe-Kai5f', 'candidate_id_1_31': 'cand_evt_90ad17a57dda4480_ChIJ5zpm8ChZ', 'candidate_id_1_32': 'cand_evt_90ad17a57dda4480_ChIJxaf4Ey5f', 'candidate_id_1_33': 'cand_evt_90ad17a57dda4480_ChIJsaCQ-vNZ', 'candidate_id_1_34': 'cand_evt_90ad17a57dda4480_ChIJA9zY7Sxf', 'candidate_id_1_35': 'cand_evt_90ad17a57dda4480_ChIJA0juKzBf', 'candidate_id_1_36': 'cand_evt_90ad17a57dda4480_ChIJN6wFwihZ', 'candidate_id_1_37': 'cand_evt_90ad17a57dda4480_ChIJHQIpg9NY', 'candidate_id_1_38': 'cand_evt_90ad17a57dda4480_ChIJK6yDNjdf', 'candidate_id_1_39': 'cand_evt_90ad17a57dda4480_ChIJ-_hEzDFf', 'candidate_id_1_40': 'cand_evt_90ad17a57dda4480_ChIJ8UEYhUBZ', 'candidate_id_1_41': 'cand_evt_90ad17a57dda4480_ChIJgW6HQC5f', 'candidate_id_1_42': 'cand_evt_90ad17a57dda4480_ChIJp438w91Z', 'candidate_id_1_43': 'cand_evt_90ad17a57dda4480_ChIJhVFByzVf', 'candidate_id_1_44': 'cand_evt_90ad17a57dda4480_ChIJRYEYl_xf', 'candidate_id_1_45': 'cand_evt_90ad17a57dda4480_ChIJzzk5JypZ', 'candidate_id_1_46': 'cand_evt_90ad17a57dda4480_ChIJNbpmRG5Z', 'candidate_id_1_47': 'cand_evt_90ad17a57dda4480_ChIJp9WpPSxZ', 'candidate_id_1_48': 'cand_evt_90ad17a57dda4480_ChIJ64EKfyxf', 'candidate_id_1_49': 'cand_evt_90ad17a57dda4480_ChIJNZMckVVZ', 'candidate_id_1_50': 'cand_evt_90ad17a57dda4480_ChIJp2voCzBZ', 'candidate_id_1_51': 'cand_evt_90ad17a57dda4480_ChIJxZ8_Mq1Z', 'candidate_id_1_52': 'cand_evt_90ad17a57dda4480_ChIJ_acaSDdf', 'candidate_id_1_53': 'cand_evt_90ad17a57dda4480_ChIJAemDtCxf', 'candidate_id_1_54': 'cand_evt_90ad17a57dda4480_ChIJkYuIpTVf', 'candidate_id_1_55': 'cand_evt_90ad17a57dda4480_ChIJp-yKmcVY', 'candidate_id_1_56': 'cand_evt_90ad17a57dda4480_ChIJE1CADS5f', 'candidate_id_1_57': 'cand_evt_90ad17a57dda4480_ChIJV1joCS5f', 'candidate_id_1_58': 'cand_evt_90ad17a57dda4480_ChIJnepkXDBf', 'candidate_id_1_59': 'cand_evt_90ad17a57dda4480_ChIJZfxRn-ZZ'}
2025-10-26 19:39:35,670 INFO sqlalchemy.engine.Engine ROLLBACK
INFO:     127.0.0.1:52206 - "GET /api/v1/events/evt_90ad17a57dda4480/candidates HTTP/1.1" 200 OK
2025-10-26 19:39:35,781 INFO sqlalchemy.engine.Engine BEGIN (implicit)
2025-10-26 19:39:35,781 INFO sqlalchemy.engine.Engine SELECT events.id AS events_id, events.title AS events_title, events.category AS events_category, events.deadline AS events_deadline, events.visibility AS events_visibility, events.allow_vote AS events_allow_vote, events.final_decision AS events_final_decision, events.custom_center_lat AS events_custom_center_lat, events.custom_center_lng AS events_custom_center_lng, events.created_at AS events_created_at, events.expires_at AS events_expires_at, events.deleted_at AS events_deleted_at, events.created_by AS events_created_by 
FROM events 
WHERE events.id = %(id_1)s::VARCHAR AND events.deleted_at IS NULL 
 LIMIT %(param_1)s::INTEGER
2025-10-26 19:39:35,781 INFO sqlalchemy.engine.Engine [cached since 472.9s ago] {'id_1': 'evt_90ad17a57dda4480', 'param_1': 1}
2025-10-26 19:39:35,783 INFO sqlalchemy.engine.Engine ROLLBACK
INFO:     127.0.0.1:52206 - "GET /api/v1/events/evt_90ad17a57dda4480/stream HTTP/1.1" 200 OK
2025-10-26 19:39:43,591 INFO sqlalchemy.engine.Engine BEGIN (implicit)
2025-10-26 19:39:43,591 INFO sqlalchemy.engine.Engine SELECT events.id AS events_id, events.title AS events_title, events.category AS events_category, events.deadline AS events_deadline, events.visibility AS events_visibility, events.allow_vote AS events_allow_vote, events.final_decision AS events_final_decision, events.custom_center_lat AS events_custom_center_lat, events.custom_center_lng AS events_custom_center_lng, events.created_at AS events_created_at, events.expires_at AS events_expires_at, events.deleted_at AS events_deleted_at, events.created_by AS events_created_by 
FROM events 
WHERE events.id = %(id_1)s::VARCHAR AND events.deleted_at IS NULL 
 LIMIT %(param_1)s::INTEGER
2025-10-26 19:39:43,591 INFO sqlalchemy.engine.Engine [cached since 480.7s ago] {'id_1': 'evt_90ad17a57dda4480', 'param_1': 1}
2025-10-26 19:39:43,592 INFO sqlalchemy.engine.Engine ROLLBACK
INFO:     127.0.0.1:52260 - "GET /api/v1/events/evt_90ad17a57dda4480 HTTP/1.1" 200 OK
2025-10-26 19:39:43,613 INFO sqlalchemy.engine.Engine BEGIN (implicit)
2025-10-26 19:39:43,613 INFO sqlalchemy.engine.Engine SELECT events.id AS events_id, events.title AS events_title, events.category AS events_category, events.deadline AS events_deadline, events.visibility AS events_visibility, events.allow_vote AS events_allow_vote, events.final_decision AS events_final_decision, events.custom_center_lat AS events_custom_center_lat, events.custom_center_lng AS events_custom_center_lng, events.created_at AS events_created_at, events.expires_at AS events_expires_at, events.deleted_at AS events_deleted_at, events.created_by AS events_created_by 
FROM events 
WHERE events.id = %(id_1)s::VARCHAR AND events.deleted_at IS NULL 
 LIMIT %(param_1)s::INTEGER
2025-10-26 19:39:43,613 INFO sqlalchemy.engine.Engine [cached since 480.7s ago] {'id_1': 'evt_90ad17a57dda4480', 'param_1': 1}
2025-10-26 19:39:43,615 INFO sqlalchemy.engine.Engine SELECT participants.id AS participants_id, participants.event_id AS participants_event_id, participants.lat AS participants_lat, participants.lng AS participants_lng, participants.fuzzy_lat AS participants_fuzzy_lat, participants.fuzzy_lng AS participants_fuzzy_lng, participants.name AS participants_name, participants.address AS participants_address, participants.joined_at AS participants_joined_at 
FROM participants 
WHERE participants.event_id = %(event_id_1)s::VARCHAR
2025-10-26 19:39:43,615 INFO sqlalchemy.engine.Engine [cached since 480.7s ago] {'event_id_1': 'evt_90ad17a57dda4480'}
2025-10-26 19:39:43,616 INFO sqlalchemy.engine.Engine ROLLBACK
INFO:     127.0.0.1:52260 - "GET /api/v1/events/evt_90ad17a57dda4480/participants HTTP/1.1" 200 OK
2025-10-26 19:39:44,143 INFO sqlalchemy.engine.Engine BEGIN (implicit)
2025-10-26 19:39:44,143 INFO sqlalchemy.engine.Engine SELECT events.id AS events_id, events.title AS events_title, events.category AS events_category, events.deadline AS events_deadline, events.visibility AS events_visibility, events.allow_vote AS events_allow_vote, events.final_decision AS events_final_decision, events.custom_center_lat AS events_custom_center_lat, events.custom_center_lng AS events_custom_center_lng, events.created_at AS events_created_at, events.expires_at AS events_expires_at, events.deleted_at AS events_deleted_at, events.created_by AS events_created_by 
FROM events 
WHERE events.id = %(id_1)s::VARCHAR AND events.deleted_at IS NULL 
 LIMIT %(param_1)s::INTEGER
2025-10-26 19:39:44,143 INFO sqlalchemy.engine.Engine [cached since 481.2s ago] {'id_1': 'evt_90ad17a57dda4480', 'param_1': 1}
2025-10-26 19:39:44,144 INFO sqlalchemy.engine.Engine SELECT candidates.id AS candidates_id, candidates.event_id AS candidates_event_id, candidates.place_id AS candidates_place_id, candidates.name AS candidates_name, candidates.address AS candidates_address, candidates.lat AS candidates_lat, candidates.lng AS candidates_lng, candidates.rating AS candidates_rating, candidates.user_ratings_total AS candidates_user_ratings_total, candidates.distance_from_center AS candidates_distance_from_center, candidates.in_circle AS candidates_in_circle, candidates.opening_hours AS candidates_opening_hours, candidates.photo_reference AS candidates_photo_reference, candidates.added_by AS candidates_added_by, candidates.created_at AS candidates_created_at 
FROM candidates 
WHERE candidates.event_id = %(event_id_1)s::VARCHAR ORDER BY candidates.rating DESC
2025-10-26 19:39:44,144 INFO sqlalchemy.engine.Engine [cached since 481.2s ago] {'event_id_1': 'evt_90ad17a57dda4480'}
2025-10-26 19:39:44,147 INFO sqlalchemy.engine.Engine SELECT votes.candidate_id AS votes_candidate_id, count(votes.id) AS vote_count 
FROM votes 
WHERE votes.candidate_id IN (%(candidate_id_1_1)s::VARCHAR, %(candidate_id_1_2)s::VARCHAR, %(candidate_id_1_3)s::VARCHAR, %(candidate_id_1_4)s::VARCHAR, %(candidate_id_1_5)s::VARCHAR, %(candidate_id_1_6)s::VARCHAR, %(candidate_id_1_7)s::VARCHAR, %(candidate_id_1_8)s::VARCHAR, %(candidate_id_1_9)s::VARCHAR, %(candidate_id_1_10)s::VARCHAR, %(candidate_id_1_11)s::VARCHAR, %(candidate_id_1_12)s::VARCHAR, %(candidate_id_1_13)s::VARCHAR, %(candidate_id_1_14)s::VARCHAR, %(candidate_id_1_15)s::VARCHAR, %(candidate_id_1_16)s::VARCHAR, %(candidate_id_1_17)s::VARCHAR, %(candidate_id_1_18)s::VARCHAR, %(candidate_id_1_19)s::VARCHAR, %(candidate_id_1_20)s::VARCHAR, %(candidate_id_1_21)s::VARCHAR, %(candidate_id_1_22)s::VARCHAR, %(candidate_id_1_23)s::VARCHAR, %(candidate_id_1_24)s::VARCHAR, %(candidate_id_1_25)s::VARCHAR, %(candidate_id_1_26)s::VARCHAR, %(candidate_id_1_27)s::VARCHAR, %(candidate_id_1_28)s::VARCHAR, %(candidate_id_1_29)s::VARCHAR, %(candidate_id_1_30)s::VARCHAR, %(candidate_id_1_31)s::VARCHAR, %(candidate_id_1_32)s::VARCHAR, %(candidate_id_1_33)s::VARCHAR, %(candidate_id_1_34)s::VARCHAR, %(candidate_id_1_35)s::VARCHAR, %(candidate_id_1_36)s::VARCHAR, %(candidate_id_1_37)s::VARCHAR, %(candidate_id_1_38)s::VARCHAR, %(candidate_id_1_39)s::VARCHAR, %(candidate_id_1_40)s::VARCHAR, %(candidate_id_1_41)s::VARCHAR, %(candidate_id_1_42)s::VARCHAR, %(candidate_id_1_43)s::VARCHAR, %(candidate_id_1_44)s::VARCHAR, %(candidate_id_1_45)s::VARCHAR, %(candidate_id_1_46)s::VARCHAR, %(candidate_id_1_47)s::VARCHAR, %(candidate_id_1_48)s::VARCHAR, %(candidate_id_1_49)s::VARCHAR, %(candidate_id_1_50)s::VARCHAR, %(candidate_id_1_51)s::VARCHAR, %(candidate_id_1_52)s::VARCHAR, %(candidate_id_1_53)s::VARCHAR, %(candidate_id_1_54)s::VARCHAR, %(candidate_id_1_55)s::VARCHAR, %(candidate_id_1_56)s::VARCHAR, %(candidate_id_1_57)s::VARCHAR, %(candidate_id_1_58)s::VARCHAR, %(candidate_id_1_59)s::VARCHAR) GROUP BY votes.candidate_id
2025-10-26 19:39:44,147 INFO sqlalchemy.engine.Engine [cached since 481.2s ago] {'candidate_id_1_1': 'cand_evt_90ad17a57dda4480_ChIJJROT1yxf', 'candidate_id_1_2': 'cand_evt_90ad17a57dda4480_ChIJv1DNafRf', 'candidate_id_1_3': 'cand_evt_90ad17a57dda4480_ChIJMQKGg3Ff', 'candidate_id_1_4': 'cand_evt_90ad17a57dda4480_ChIJ79lCrc1Y', 'candidate_id_1_5': 'cand_evt_90ad17a57dda4480_ChIJicgjodRY', 'candidate_id_1_6': 'cand_evt_90ad17a57dda4480_ChIJpRK5SS5f', 'candidate_id_1_7': 'cand_evt_90ad17a57dda4480_ChIJN5xZFJRZ', 'candidate_id_1_8': 'cand_evt_90ad17a57dda4480_ChIJuYT7ZXpf', 'candidate_id_1_9': 'cand_evt_90ad17a57dda4480_ChIJrZS3dCRZ', 'candidate_id_1_10': 'cand_evt_90ad17a57dda4480_ChIJ4UMDmvtZ', 'candidate_id_1_11': 'cand_evt_90ad17a57dda4480_ChIJX3m3RoJf', 'candidate_id_1_12': 'cand_evt_90ad17a57dda4480_ChIJB8hMy4tf', 'candidate_id_1_13': 'cand_evt_90ad17a57dda4480_ChIJZVKQjtZe', 'candidate_id_1_14': 'cand_evt_90ad17a57dda4480_ChIJKePvPk5Z', 'candidate_id_1_15': 'cand_evt_90ad17a57dda4480_ChIJQ16ZBGhf', 'candidate_id_1_16': 'cand_evt_90ad17a57dda4480_ChIJ0T9xRi5f', 'candidate_id_1_17': 'cand_evt_90ad17a57dda4480_ChIJWXJ-2MhZ', 'candidate_id_1_18': 'cand_evt_90ad17a57dda4480_ChIJD0wDQFpZ', 'candidate_id_1_19': 'cand_evt_90ad17a57dda4480_ChIJEz0N7yVZ', 'candidate_id_1_20': 'cand_evt_90ad17a57dda4480_ChIJWTq1bSxf', 'candidate_id_1_21': 'cand_evt_90ad17a57dda4480_ChIJ9yi_ITdf', 'candidate_id_1_22': 'cand_evt_90ad17a57dda4480_ChIJJWxQSC5f', 'candidate_id_1_23': 'cand_evt_90ad17a57dda4480_ChIJcy1LrTBf', 'candidate_id_1_24': 'cand_evt_90ad17a57dda4480_ChIJcRXQOzdf', 'candidate_id_1_25': 'cand_evt_90ad17a57dda4480_ChIJpRaITSRZ', 'candidate_id_1_26': 'cand_evt_90ad17a57dda4480_ChIJBTuSXqhf', 'candidate_id_1_27': 'cand_evt_90ad17a57dda4480_ChIJXwfMPy5f', 'candidate_id_1_28': 'cand_evt_90ad17a57dda4480_ChIJe0qdh8JZ', 'candidate_id_1_29': 'cand_evt_90ad17a57dda4480_ChIJlXecQSpZ', 'candidate_id_1_30': 'cand_evt_90ad17a57dda4480_ChIJqe-Kai5f', 'candidate_id_1_31': 'cand_evt_90ad17a57dda4480_ChIJ5zpm8ChZ', 'candidate_id_1_32': 'cand_evt_90ad17a57dda4480_ChIJxaf4Ey5f', 'candidate_id_1_33': 'cand_evt_90ad17a57dda4480_ChIJsaCQ-vNZ', 'candidate_id_1_34': 'cand_evt_90ad17a57dda4480_ChIJA9zY7Sxf', 'candidate_id_1_35': 'cand_evt_90ad17a57dda4480_ChIJA0juKzBf', 'candidate_id_1_36': 'cand_evt_90ad17a57dda4480_ChIJN6wFwihZ', 'candidate_id_1_37': 'cand_evt_90ad17a57dda4480_ChIJHQIpg9NY', 'candidate_id_1_38': 'cand_evt_90ad17a57dda4480_ChIJK6yDNjdf', 'candidate_id_1_39': 'cand_evt_90ad17a57dda4480_ChIJ-_hEzDFf', 'candidate_id_1_40': 'cand_evt_90ad17a57dda4480_ChIJ8UEYhUBZ', 'candidate_id_1_41': 'cand_evt_90ad17a57dda4480_ChIJgW6HQC5f', 'candidate_id_1_42': 'cand_evt_90ad17a57dda4480_ChIJp438w91Z', 'candidate_id_1_43': 'cand_evt_90ad17a57dda4480_ChIJhVFByzVf', 'candidate_id_1_44': 'cand_evt_90ad17a57dda4480_ChIJRYEYl_xf', 'candidate_id_1_45': 'cand_evt_90ad17a57dda4480_ChIJzzk5JypZ', 'candidate_id_1_46': 'cand_evt_90ad17a57dda4480_ChIJNbpmRG5Z', 'candidate_id_1_47': 'cand_evt_90ad17a57dda4480_ChIJp9WpPSxZ', 'candidate_id_1_48': 'cand_evt_90ad17a57dda4480_ChIJ64EKfyxf', 'candidate_id_1_49': 'cand_evt_90ad17a57dda4480_ChIJNZMckVVZ', 'candidate_id_1_50': 'cand_evt_90ad17a57dda4480_ChIJp2voCzBZ', 'candidate_id_1_51': 'cand_evt_90ad17a57dda4480_ChIJxZ8_Mq1Z', 'candidate_id_1_52': 'cand_evt_90ad17a57dda4480_ChIJ_acaSDdf', 'candidate_id_1_53': 'cand_evt_90ad17a57dda4480_ChIJAemDtCxf', 'candidate_id_1_54': 'cand_evt_90ad17a57dda4480_ChIJkYuIpTVf', 'candidate_id_1_55': 'cand_evt_90ad17a57dda4480_ChIJp-yKmcVY', 'candidate_id_1_56': 'cand_evt_90ad17a57dda4480_ChIJE1CADS5f', 'candidate_id_1_57': 'cand_evt_90ad17a57dda4480_ChIJV1joCS5f', 'candidate_id_1_58': 'cand_evt_90ad17a57dda4480_ChIJnepkXDBf', 'candidate_id_1_59': 'cand_evt_90ad17a57dda4480_ChIJZfxRn-ZZ'}
2025-10-26 19:39:44,149 INFO sqlalchemy.engine.Engine ROLLBACK
INFO:     127.0.0.1:52260 - "GET /api/v1/events/evt_90ad17a57dda4480/candidates HTTP/1.1" 200 OK
2025-10-26 19:39:44,208 INFO sqlalchemy.engine.Engine BEGIN (implicit)
2025-10-26 19:39:44,208 INFO sqlalchemy.engine.Engine SELECT votes.id AS votes_id, votes.event_id AS votes_event_id, votes.participant_id AS votes_participant_id, votes.candidate_id AS votes_candidate_id, votes.voted_at AS votes_voted_at 
FROM votes 
WHERE votes.event_id = %(event_id_1)s::VARCHAR AND votes.participant_id = %(participant_id_1)s::VARCHAR
2025-10-26 19:39:44,208 INFO sqlalchemy.engine.Engine [cached since 423.3s ago] {'event_id_1': 'evt_90ad17a57dda4480', 'participant_id_1': 'p_f2acd82a1ec3'}
2025-10-26 19:39:44,210 INFO sqlalchemy.engine.Engine ROLLBACK
INFO:     127.0.0.1:52260 - "GET /api/v1/events/evt_90ad17a57dda4480/votes?participant_id=p_f2acd82a1ec3 HTTP/1.1" 200 OK
2025-10-26 19:39:44,262 INFO sqlalchemy.engine.Engine BEGIN (implicit)
2025-10-26 19:39:44,263 INFO sqlalchemy.engine.Engine SELECT events.id AS events_id, events.title AS events_title, events.category AS events_category, events.deadline AS events_deadline, events.visibility AS events_visibility, events.allow_vote AS events_allow_vote, events.final_decision AS events_final_decision, events.custom_center_lat AS events_custom_center_lat, events.custom_center_lng AS events_custom_center_lng, events.created_at AS events_created_at, events.expires_at AS events_expires_at, events.deleted_at AS events_deleted_at, events.created_by AS events_created_by 
FROM events 
WHERE events.id = %(id_1)s::VARCHAR AND events.deleted_at IS NULL 
 LIMIT %(param_1)s::INTEGER
2025-10-26 19:39:44,263 INFO sqlalchemy.engine.Engine [cached since 481.3s ago] {'id_1': 'evt_90ad17a57dda4480', 'param_1': 1}
2025-10-26 19:39:44,265 INFO sqlalchemy.engine.Engine ROLLBACK
INFO:     127.0.0.1:52260 - "GET /api/v1/events/evt_90ad17a57dda4480/stream HTTP/1.1" 200 OK
2025-10-26 19:39:55,204 INFO sqlalchemy.engine.Engine BEGIN (implicit)
2025-10-26 19:39:55,205 INFO sqlalchemy.engine.Engine SELECT events.id AS events_id, events.title AS events_title, events.category AS events_category, events.deadline AS events_deadline, events.visibility AS events_visibility, events.allow_vote AS events_allow_vote, events.final_decision AS events_final_decision, events.custom_center_lat AS events_custom_center_lat, events.custom_center_lng AS events_custom_center_lng, events.created_at AS events_created_at, events.expires_at AS events_expires_at, events.deleted_at AS events_deleted_at, events.created_by AS events_created_by 
FROM events 
WHERE events.id = %(id_1)s::VARCHAR AND events.deleted_at IS NULL 
 LIMIT %(param_1)s::INTEGER
2025-10-26 19:39:55,205 INFO sqlalchemy.engine.Engine [cached since 492.3s ago] {'id_1': 'evt_90ad17a57dda4480', 'param_1': 1}
2025-10-26 19:39:55,207 INFO sqlalchemy.engine.Engine ROLLBACK
INFO:     127.0.0.1:52332 - "GET /api/v1/events/evt_90ad17a57dda4480 HTTP/1.1" 200 OK
2025-10-26 19:39:55,238 INFO sqlalchemy.engine.Engine BEGIN (implicit)
2025-10-26 19:39:55,238 INFO sqlalchemy.engine.Engine SELECT events.id AS events_id, events.title AS events_title, events.category AS events_category, events.deadline AS events_deadline, events.visibility AS events_visibility, events.allow_vote AS events_allow_vote, events.final_decision AS events_final_decision, events.custom_center_lat AS events_custom_center_lat, events.custom_center_lng AS events_custom_center_lng, events.created_at AS events_created_at, events.expires_at AS events_expires_at, events.deleted_at AS events_deleted_at, events.created_by AS events_created_by 
FROM events 
WHERE events.id = %(id_1)s::VARCHAR AND events.deleted_at IS NULL 
 LIMIT %(param_1)s::INTEGER
2025-10-26 19:39:55,238 INFO sqlalchemy.engine.Engine [cached since 492.3s ago] {'id_1': 'evt_90ad17a57dda4480', 'param_1': 1}
2025-10-26 19:39:55,241 INFO sqlalchemy.engine.Engine SELECT participants.id AS participants_id, participants.event_id AS participants_event_id, participants.lat AS participants_lat, participants.lng AS participants_lng, participants.fuzzy_lat AS participants_fuzzy_lat, participants.fuzzy_lng AS participants_fuzzy_lng, participants.name AS participants_name, participants.address AS participants_address, participants.joined_at AS participants_joined_at 
FROM participants 
WHERE participants.event_id = %(event_id_1)s::VARCHAR
2025-10-26 19:39:55,241 INFO sqlalchemy.engine.Engine [cached since 492.3s ago] {'event_id_1': 'evt_90ad17a57dda4480'}
2025-10-26 19:39:55,244 INFO sqlalchemy.engine.Engine ROLLBACK
INFO:     127.0.0.1:52332 - "GET /api/v1/events/evt_90ad17a57dda4480/participants HTTP/1.1" 200 OK
2025-10-26 19:39:55,718 INFO sqlalchemy.engine.Engine BEGIN (implicit)
2025-10-26 19:39:55,718 INFO sqlalchemy.engine.Engine SELECT events.id AS events_id, events.title AS events_title, events.category AS events_category, events.deadline AS events_deadline, events.visibility AS events_visibility, events.allow_vote AS events_allow_vote, events.final_decision AS events_final_decision, events.custom_center_lat AS events_custom_center_lat, events.custom_center_lng AS events_custom_center_lng, events.created_at AS events_created_at, events.expires_at AS events_expires_at, events.deleted_at AS events_deleted_at, events.created_by AS events_created_by 
FROM events 
WHERE events.id = %(id_1)s::VARCHAR AND events.deleted_at IS NULL 
 LIMIT %(param_1)s::INTEGER
2025-10-26 19:39:55,719 INFO sqlalchemy.engine.Engine [cached since 492.8s ago] {'id_1': 'evt_90ad17a57dda4480', 'param_1': 1}
2025-10-26 19:39:55,727 INFO sqlalchemy.engine.Engine SELECT candidates.id AS candidates_id, candidates.event_id AS candidates_event_id, candidates.place_id AS candidates_place_id, candidates.name AS candidates_name, candidates.address AS candidates_address, candidates.lat AS candidates_lat, candidates.lng AS candidates_lng, candidates.rating AS candidates_rating, candidates.user_ratings_total AS candidates_user_ratings_total, candidates.distance_from_center AS candidates_distance_from_center, candidates.in_circle AS candidates_in_circle, candidates.opening_hours AS candidates_opening_hours, candidates.photo_reference AS candidates_photo_reference, candidates.added_by AS candidates_added_by, candidates.created_at AS candidates_created_at 
FROM candidates 
WHERE candidates.event_id = %(event_id_1)s::VARCHAR ORDER BY candidates.rating DESC
2025-10-26 19:39:55,727 INFO sqlalchemy.engine.Engine [cached since 492.8s ago] {'event_id_1': 'evt_90ad17a57dda4480'}
2025-10-26 19:39:55,731 INFO sqlalchemy.engine.Engine SELECT votes.candidate_id AS votes_candidate_id, count(votes.id) AS vote_count 
FROM votes 
WHERE votes.candidate_id IN (%(candidate_id_1_1)s::VARCHAR, %(candidate_id_1_2)s::VARCHAR, %(candidate_id_1_3)s::VARCHAR, %(candidate_id_1_4)s::VARCHAR, %(candidate_id_1_5)s::VARCHAR, %(candidate_id_1_6)s::VARCHAR, %(candidate_id_1_7)s::VARCHAR, %(candidate_id_1_8)s::VARCHAR, %(candidate_id_1_9)s::VARCHAR, %(candidate_id_1_10)s::VARCHAR, %(candidate_id_1_11)s::VARCHAR, %(candidate_id_1_12)s::VARCHAR, %(candidate_id_1_13)s::VARCHAR, %(candidate_id_1_14)s::VARCHAR, %(candidate_id_1_15)s::VARCHAR, %(candidate_id_1_16)s::VARCHAR, %(candidate_id_1_17)s::VARCHAR, %(candidate_id_1_18)s::VARCHAR, %(candidate_id_1_19)s::VARCHAR, %(candidate_id_1_20)s::VARCHAR, %(candidate_id_1_21)s::VARCHAR, %(candidate_id_1_22)s::VARCHAR, %(candidate_id_1_23)s::VARCHAR, %(candidate_id_1_24)s::VARCHAR, %(candidate_id_1_25)s::VARCHAR, %(candidate_id_1_26)s::VARCHAR, %(candidate_id_1_27)s::VARCHAR, %(candidate_id_1_28)s::VARCHAR, %(candidate_id_1_29)s::VARCHAR, %(candidate_id_1_30)s::VARCHAR, %(candidate_id_1_31)s::VARCHAR, %(candidate_id_1_32)s::VARCHAR, %(candidate_id_1_33)s::VARCHAR, %(candidate_id_1_34)s::VARCHAR, %(candidate_id_1_35)s::VARCHAR, %(candidate_id_1_36)s::VARCHAR, %(candidate_id_1_37)s::VARCHAR, %(candidate_id_1_38)s::VARCHAR, %(candidate_id_1_39)s::VARCHAR, %(candidate_id_1_40)s::VARCHAR, %(candidate_id_1_41)s::VARCHAR, %(candidate_id_1_42)s::VARCHAR, %(candidate_id_1_43)s::VARCHAR, %(candidate_id_1_44)s::VARCHAR, %(candidate_id_1_45)s::VARCHAR, %(candidate_id_1_46)s::VARCHAR, %(candidate_id_1_47)s::VARCHAR, %(candidate_id_1_48)s::VARCHAR, %(candidate_id_1_49)s::VARCHAR, %(candidate_id_1_50)s::VARCHAR, %(candidate_id_1_51)s::VARCHAR, %(candidate_id_1_52)s::VARCHAR, %(candidate_id_1_53)s::VARCHAR, %(candidate_id_1_54)s::VARCHAR, %(candidate_id_1_55)s::VARCHAR, %(candidate_id_1_56)s::VARCHAR, %(candidate_id_1_57)s::VARCHAR, %(candidate_id_1_58)s::VARCHAR, %(candidate_id_1_59)s::VARCHAR) GROUP BY votes.candidate_id
2025-10-26 19:39:55,731 INFO sqlalchemy.engine.Engine [cached since 492.8s ago] {'candidate_id_1_1': 'cand_evt_90ad17a57dda4480_ChIJJROT1yxf', 'candidate_id_1_2': 'cand_evt_90ad17a57dda4480_ChIJv1DNafRf', 'candidate_id_1_3': 'cand_evt_90ad17a57dda4480_ChIJMQKGg3Ff', 'candidate_id_1_4': 'cand_evt_90ad17a57dda4480_ChIJ79lCrc1Y', 'candidate_id_1_5': 'cand_evt_90ad17a57dda4480_ChIJicgjodRY', 'candidate_id_1_6': 'cand_evt_90ad17a57dda4480_ChIJpRK5SS5f', 'candidate_id_1_7': 'cand_evt_90ad17a57dda4480_ChIJN5xZFJRZ', 'candidate_id_1_8': 'cand_evt_90ad17a57dda4480_ChIJuYT7ZXpf', 'candidate_id_1_9': 'cand_evt_90ad17a57dda4480_ChIJrZS3dCRZ', 'candidate_id_1_10': 'cand_evt_90ad17a57dda4480_ChIJ4UMDmvtZ', 'candidate_id_1_11': 'cand_evt_90ad17a57dda4480_ChIJX3m3RoJf', 'candidate_id_1_12': 'cand_evt_90ad17a57dda4480_ChIJB8hMy4tf', 'candidate_id_1_13': 'cand_evt_90ad17a57dda4480_ChIJZVKQjtZe', 'candidate_id_1_14': 'cand_evt_90ad17a57dda4480_ChIJKePvPk5Z', 'candidate_id_1_15': 'cand_evt_90ad17a57dda4480_ChIJQ16ZBGhf', 'candidate_id_1_16': 'cand_evt_90ad17a57dda4480_ChIJ0T9xRi5f', 'candidate_id_1_17': 'cand_evt_90ad17a57dda4480_ChIJWXJ-2MhZ', 'candidate_id_1_18': 'cand_evt_90ad17a57dda4480_ChIJD0wDQFpZ', 'candidate_id_1_19': 'cand_evt_90ad17a57dda4480_ChIJEz0N7yVZ', 'candidate_id_1_20': 'cand_evt_90ad17a57dda4480_ChIJWTq1bSxf', 'candidate_id_1_21': 'cand_evt_90ad17a57dda4480_ChIJ9yi_ITdf', 'candidate_id_1_22': 'cand_evt_90ad17a57dda4480_ChIJJWxQSC5f', 'candidate_id_1_23': 'cand_evt_90ad17a57dda4480_ChIJcy1LrTBf', 'candidate_id_1_24': 'cand_evt_90ad17a57dda4480_ChIJcRXQOzdf', 'candidate_id_1_25': 'cand_evt_90ad17a57dda4480_ChIJpRaITSRZ', 'candidate_id_1_26': 'cand_evt_90ad17a57dda4480_ChIJBTuSXqhf', 'candidate_id_1_27': 'cand_evt_90ad17a57dda4480_ChIJXwfMPy5f', 'candidate_id_1_28': 'cand_evt_90ad17a57dda4480_ChIJe0qdh8JZ', 'candidate_id_1_29': 'cand_evt_90ad17a57dda4480_ChIJlXecQSpZ', 'candidate_id_1_30': 'cand_evt_90ad17a57dda4480_ChIJqe-Kai5f', 'candidate_id_1_31': 'cand_evt_90ad17a57dda4480_ChIJ5zpm8ChZ', 'candidate_id_1_32': 'cand_evt_90ad17a57dda4480_ChIJxaf4Ey5f', 'candidate_id_1_33': 'cand_evt_90ad17a57dda4480_ChIJsaCQ-vNZ', 'candidate_id_1_34': 'cand_evt_90ad17a57dda4480_ChIJA9zY7Sxf', 'candidate_id_1_35': 'cand_evt_90ad17a57dda4480_ChIJA0juKzBf', 'candidate_id_1_36': 'cand_evt_90ad17a57dda4480_ChIJN6wFwihZ', 'candidate_id_1_37': 'cand_evt_90ad17a57dda4480_ChIJHQIpg9NY', 'candidate_id_1_38': 'cand_evt_90ad17a57dda4480_ChIJK6yDNjdf', 'candidate_id_1_39': 'cand_evt_90ad17a57dda4480_ChIJ-_hEzDFf', 'candidate_id_1_40': 'cand_evt_90ad17a57dda4480_ChIJ8UEYhUBZ', 'candidate_id_1_41': 'cand_evt_90ad17a57dda4480_ChIJgW6HQC5f', 'candidate_id_1_42': 'cand_evt_90ad17a57dda4480_ChIJp438w91Z', 'candidate_id_1_43': 'cand_evt_90ad17a57dda4480_ChIJhVFByzVf', 'candidate_id_1_44': 'cand_evt_90ad17a57dda4480_ChIJRYEYl_xf', 'candidate_id_1_45': 'cand_evt_90ad17a57dda4480_ChIJzzk5JypZ', 'candidate_id_1_46': 'cand_evt_90ad17a57dda4480_ChIJNbpmRG5Z', 'candidate_id_1_47': 'cand_evt_90ad17a57dda4480_ChIJp9WpPSxZ', 'candidate_id_1_48': 'cand_evt_90ad17a57dda4480_ChIJ64EKfyxf', 'candidate_id_1_49': 'cand_evt_90ad17a57dda4480_ChIJNZMckVVZ', 'candidate_id_1_50': 'cand_evt_90ad17a57dda4480_ChIJp2voCzBZ', 'candidate_id_1_51': 'cand_evt_90ad17a57dda4480_ChIJxZ8_Mq1Z', 'candidate_id_1_52': 'cand_evt_90ad17a57dda4480_ChIJ_acaSDdf', 'candidate_id_1_53': 'cand_evt_90ad17a57dda4480_ChIJAemDtCxf', 'candidate_id_1_54': 'cand_evt_90ad17a57dda4480_ChIJkYuIpTVf', 'candidate_id_1_55': 'cand_evt_90ad17a57dda4480_ChIJp-yKmcVY', 'candidate_id_1_56': 'cand_evt_90ad17a57dda4480_ChIJE1CADS5f', 'candidate_id_1_57': 'cand_evt_90ad17a57dda4480_ChIJV1joCS5f', 'candidate_id_1_58': 'cand_evt_90ad17a57dda4480_ChIJnepkXDBf', 'candidate_id_1_59': 'cand_evt_90ad17a57dda4480_ChIJZfxRn-ZZ'}
2025-10-26 19:39:55,742 INFO sqlalchemy.engine.Engine ROLLBACK
INFO:     127.0.0.1:52332 - "GET /api/v1/events/evt_90ad17a57dda4480/candidates HTTP/1.1" 200 OK
2025-10-26 19:39:55,807 INFO sqlalchemy.engine.Engine BEGIN (implicit)
2025-10-26 19:39:55,808 INFO sqlalchemy.engine.Engine SELECT votes.id AS votes_id, votes.event_id AS votes_event_id, votes.participant_id AS votes_participant_id, votes.candidate_id AS votes_candidate_id, votes.voted_at AS votes_voted_at 
FROM votes 
WHERE votes.event_id = %(event_id_1)s::VARCHAR AND votes.participant_id = %(participant_id_1)s::VARCHAR
2025-10-26 19:39:55,808 INFO sqlalchemy.engine.Engine [cached since 434.9s ago] {'event_id_1': 'evt_90ad17a57dda4480', 'participant_id_1': 'p_f2acd82a1ec3'}
2025-10-26 19:39:55,811 INFO sqlalchemy.engine.Engine ROLLBACK
INFO:     127.0.0.1:52332 - "GET /api/v1/events/evt_90ad17a57dda4480/votes?participant_id=p_f2acd82a1ec3 HTTP/1.1" 200 OK
2025-10-26 19:39:55,850 INFO sqlalchemy.engine.Engine BEGIN (implicit)
2025-10-26 19:39:55,850 INFO sqlalchemy.engine.Engine SELECT events.id AS events_id, events.title AS events_title, events.category AS events_category, events.deadline AS events_deadline, events.visibility AS events_visibility, events.allow_vote AS events_allow_vote, events.final_decision AS events_final_decision, events.custom_center_lat AS events_custom_center_lat, events.custom_center_lng AS events_custom_center_lng, events.created_at AS events_created_at, events.expires_at AS events_expires_at, events.deleted_at AS events_deleted_at, events.created_by AS events_created_by 
FROM events 
WHERE events.id = %(id_1)s::VARCHAR AND events.deleted_at IS NULL 
 LIMIT %(param_1)s::INTEGER
2025-10-26 19:39:55,850 INFO sqlalchemy.engine.Engine [cached since 492.9s ago] {'id_1': 'evt_90ad17a57dda4480', 'param_1': 1}
2025-10-26 19:39:55,852 INFO sqlalchemy.engine.Engine ROLLBACK
INFO:     127.0.0.1:52332 - "GET /api/v1/events/evt_90ad17a57dda4480/stream HTTP/1.1" 200 OK
2025-10-26 19:40:14,299 INFO sqlalchemy.engine.Engine BEGIN (implicit)
2025-10-26 19:40:14,299 INFO sqlalchemy.engine.Engine SELECT users.id AS users_id, users.email AS users_email, users.hashed_password AS users_hashed_password, users.name AS users_name, users.bio AS users_bio, users.avatar AS users_avatar, users.created_at AS users_created_at, users.last_login AS users_last_login, users.is_active AS users_is_active 
FROM users 
WHERE users.id = %(id_1)s::VARCHAR AND users.is_active = true 
 LIMIT %(param_1)s::INTEGER
2025-10-26 19:40:14,299 INFO sqlalchemy.engine.Engine [cached since 511.4s ago] {'id_1': 'user_a8826615b32f414d', 'param_1': 1}
2025-10-26 19:40:14,301 INFO sqlalchemy.engine.Engine ROLLBACK
INFO:     127.0.0.1:52440 - "GET /api/v1/auth/me HTTP/1.1" 200 OK
2025-10-26 19:40:14,305 INFO sqlalchemy.engine.Engine BEGIN (implicit)
2025-10-26 19:40:14,305 INFO sqlalchemy.engine.Engine SELECT events.id AS events_id, events.title AS events_title, events.category AS events_category, events.deadline AS events_deadline, events.visibility AS events_visibility, events.allow_vote AS events_allow_vote, events.final_decision AS events_final_decision, events.custom_center_lat AS events_custom_center_lat, events.custom_center_lng AS events_custom_center_lng, events.created_at AS events_created_at, events.expires_at AS events_expires_at, events.deleted_at AS events_deleted_at, events.created_by AS events_created_by 
FROM events 
WHERE events.id = %(id_1)s::VARCHAR AND events.deleted_at IS NULL 
 LIMIT %(param_1)s::INTEGER
2025-10-26 19:40:14,305 INFO sqlalchemy.engine.Engine [cached since 511.4s ago] {'id_1': 'evt_90ad17a57dda4480', 'param_1': 1}
2025-10-26 19:40:14,307 INFO sqlalchemy.engine.Engine ROLLBACK
INFO:     127.0.0.1:52440 - "GET /api/v1/events/evt_90ad17a57dda4480 HTTP/1.1" 200 OK
2025-10-26 19:40:14,320 INFO sqlalchemy.engine.Engine BEGIN (implicit)
2025-10-26 19:40:14,321 INFO sqlalchemy.engine.Engine SELECT events.id AS events_id, events.title AS events_title, events.category AS events_category, events.deadline AS events_deadline, events.visibility AS events_visibility, events.allow_vote AS events_allow_vote, events.final_decision AS events_final_decision, events.custom_center_lat AS events_custom_center_lat, events.custom_center_lng AS events_custom_center_lng, events.created_at AS events_created_at, events.expires_at AS events_expires_at, events.deleted_at AS events_deleted_at, events.created_by AS events_created_by 
FROM events 
WHERE events.id = %(id_1)s::VARCHAR AND events.deleted_at IS NULL 
 LIMIT %(param_1)s::INTEGER
2025-10-26 19:40:14,321 INFO sqlalchemy.engine.Engine [cached since 511.4s ago] {'id_1': 'evt_90ad17a57dda4480', 'param_1': 1}
2025-10-26 19:40:14,322 INFO sqlalchemy.engine.Engine SELECT participants.id AS participants_id, participants.event_id AS participants_event_id, participants.lat AS participants_lat, participants.lng AS participants_lng, participants.fuzzy_lat AS participants_fuzzy_lat, participants.fuzzy_lng AS participants_fuzzy_lng, participants.name AS participants_name, participants.address AS participants_address, participants.joined_at AS participants_joined_at 
FROM participants 
WHERE participants.event_id = %(event_id_1)s::VARCHAR
2025-10-26 19:40:14,323 INFO sqlalchemy.engine.Engine [cached since 511.4s ago] {'event_id_1': 'evt_90ad17a57dda4480'}
2025-10-26 19:40:14,325 INFO sqlalchemy.engine.Engine ROLLBACK
INFO:     127.0.0.1:52440 - "GET /api/v1/events/evt_90ad17a57dda4480/participants HTTP/1.1" 200 OK
2025-10-26 19:40:14,332 INFO sqlalchemy.engine.Engine BEGIN (implicit)
2025-10-26 19:40:14,333 INFO sqlalchemy.engine.Engine SELECT events.id AS events_id, events.title AS events_title, events.category AS events_category, events.deadline AS events_deadline, events.visibility AS events_visibility, events.allow_vote AS events_allow_vote, events.final_decision AS events_final_decision, events.custom_center_lat AS events_custom_center_lat, events.custom_center_lng AS events_custom_center_lng, events.created_at AS events_created_at, events.expires_at AS events_expires_at, events.deleted_at AS events_deleted_at, events.created_by AS events_created_by 
FROM events 
WHERE events.id = %(id_1)s::VARCHAR AND events.deleted_at IS NULL 
 LIMIT %(param_1)s::INTEGER
2025-10-26 19:40:14,333 INFO sqlalchemy.engine.Engine [cached since 511.4s ago] {'id_1': 'evt_90ad17a57dda4480', 'param_1': 1}
2025-10-26 19:40:14,335 INFO sqlalchemy.engine.Engine SELECT candidates.id AS candidates_id, candidates.event_id AS candidates_event_id, candidates.place_id AS candidates_place_id, candidates.name AS candidates_name, candidates.address AS candidates_address, candidates.lat AS candidates_lat, candidates.lng AS candidates_lng, candidates.rating AS candidates_rating, candidates.user_ratings_total AS candidates_user_ratings_total, candidates.distance_from_center AS candidates_distance_from_center, candidates.in_circle AS candidates_in_circle, candidates.opening_hours AS candidates_opening_hours, candidates.photo_reference AS candidates_photo_reference, candidates.added_by AS candidates_added_by, candidates.created_at AS candidates_created_at 
FROM candidates 
WHERE candidates.event_id = %(event_id_1)s::VARCHAR ORDER BY candidates.rating DESC
2025-10-26 19:40:14,335 INFO sqlalchemy.engine.Engine [cached since 511.4s ago] {'event_id_1': 'evt_90ad17a57dda4480'}
2025-10-26 19:40:14,338 INFO sqlalchemy.engine.Engine SELECT votes.candidate_id AS votes_candidate_id, count(votes.id) AS vote_count 
FROM votes 
WHERE votes.candidate_id IN (%(candidate_id_1_1)s::VARCHAR, %(candidate_id_1_2)s::VARCHAR, %(candidate_id_1_3)s::VARCHAR, %(candidate_id_1_4)s::VARCHAR, %(candidate_id_1_5)s::VARCHAR, %(candidate_id_1_6)s::VARCHAR, %(candidate_id_1_7)s::VARCHAR, %(candidate_id_1_8)s::VARCHAR, %(candidate_id_1_9)s::VARCHAR, %(candidate_id_1_10)s::VARCHAR, %(candidate_id_1_11)s::VARCHAR, %(candidate_id_1_12)s::VARCHAR, %(candidate_id_1_13)s::VARCHAR, %(candidate_id_1_14)s::VARCHAR, %(candidate_id_1_15)s::VARCHAR, %(candidate_id_1_16)s::VARCHAR, %(candidate_id_1_17)s::VARCHAR, %(candidate_id_1_18)s::VARCHAR, %(candidate_id_1_19)s::VARCHAR, %(candidate_id_1_20)s::VARCHAR, %(candidate_id_1_21)s::VARCHAR, %(candidate_id_1_22)s::VARCHAR, %(candidate_id_1_23)s::VARCHAR, %(candidate_id_1_24)s::VARCHAR, %(candidate_id_1_25)s::VARCHAR, %(candidate_id_1_26)s::VARCHAR, %(candidate_id_1_27)s::VARCHAR, %(candidate_id_1_28)s::VARCHAR, %(candidate_id_1_29)s::VARCHAR, %(candidate_id_1_30)s::VARCHAR, %(candidate_id_1_31)s::VARCHAR, %(candidate_id_1_32)s::VARCHAR, %(candidate_id_1_33)s::VARCHAR, %(candidate_id_1_34)s::VARCHAR, %(candidate_id_1_35)s::VARCHAR, %(candidate_id_1_36)s::VARCHAR, %(candidate_id_1_37)s::VARCHAR, %(candidate_id_1_38)s::VARCHAR, %(candidate_id_1_39)s::VARCHAR, %(candidate_id_1_40)s::VARCHAR, %(candidate_id_1_41)s::VARCHAR, %(candidate_id_1_42)s::VARCHAR, %(candidate_id_1_43)s::VARCHAR, %(candidate_id_1_44)s::VARCHAR, %(candidate_id_1_45)s::VARCHAR, %(candidate_id_1_46)s::VARCHAR, %(candidate_id_1_47)s::VARCHAR, %(candidate_id_1_48)s::VARCHAR, %(candidate_id_1_49)s::VARCHAR, %(candidate_id_1_50)s::VARCHAR, %(candidate_id_1_51)s::VARCHAR, %(candidate_id_1_52)s::VARCHAR, %(candidate_id_1_53)s::VARCHAR, %(candidate_id_1_54)s::VARCHAR, %(candidate_id_1_55)s::VARCHAR, %(candidate_id_1_56)s::VARCHAR, %(candidate_id_1_57)s::VARCHAR, %(candidate_id_1_58)s::VARCHAR, %(candidate_id_1_59)s::VARCHAR) GROUP BY votes.candidate_id
2025-10-26 19:40:14,339 INFO sqlalchemy.engine.Engine [cached since 511.4s ago] {'candidate_id_1_1': 'cand_evt_90ad17a57dda4480_ChIJJROT1yxf', 'candidate_id_1_2': 'cand_evt_90ad17a57dda4480_ChIJv1DNafRf', 'candidate_id_1_3': 'cand_evt_90ad17a57dda4480_ChIJMQKGg3Ff', 'candidate_id_1_4': 'cand_evt_90ad17a57dda4480_ChIJ79lCrc1Y', 'candidate_id_1_5': 'cand_evt_90ad17a57dda4480_ChIJicgjodRY', 'candidate_id_1_6': 'cand_evt_90ad17a57dda4480_ChIJpRK5SS5f', 'candidate_id_1_7': 'cand_evt_90ad17a57dda4480_ChIJN5xZFJRZ', 'candidate_id_1_8': 'cand_evt_90ad17a57dda4480_ChIJuYT7ZXpf', 'candidate_id_1_9': 'cand_evt_90ad17a57dda4480_ChIJrZS3dCRZ', 'candidate_id_1_10': 'cand_evt_90ad17a57dda4480_ChIJ4UMDmvtZ', 'candidate_id_1_11': 'cand_evt_90ad17a57dda4480_ChIJX3m3RoJf', 'candidate_id_1_12': 'cand_evt_90ad17a57dda4480_ChIJB8hMy4tf', 'candidate_id_1_13': 'cand_evt_90ad17a57dda4480_ChIJZVKQjtZe', 'candidate_id_1_14': 'cand_evt_90ad17a57dda4480_ChIJKePvPk5Z', 'candidate_id_1_15': 'cand_evt_90ad17a57dda4480_ChIJQ16ZBGhf', 'candidate_id_1_16': 'cand_evt_90ad17a57dda4480_ChIJ0T9xRi5f', 'candidate_id_1_17': 'cand_evt_90ad17a57dda4480_ChIJWXJ-2MhZ', 'candidate_id_1_18': 'cand_evt_90ad17a57dda4480_ChIJD0wDQFpZ', 'candidate_id_1_19': 'cand_evt_90ad17a57dda4480_ChIJEz0N7yVZ', 'candidate_id_1_20': 'cand_evt_90ad17a57dda4480_ChIJWTq1bSxf', 'candidate_id_1_21': 'cand_evt_90ad17a57dda4480_ChIJ9yi_ITdf', 'candidate_id_1_22': 'cand_evt_90ad17a57dda4480_ChIJJWxQSC5f', 'candidate_id_1_23': 'cand_evt_90ad17a57dda4480_ChIJcy1LrTBf', 'candidate_id_1_24': 'cand_evt_90ad17a57dda4480_ChIJcRXQOzdf', 'candidate_id_1_25': 'cand_evt_90ad17a57dda4480_ChIJpRaITSRZ', 'candidate_id_1_26': 'cand_evt_90ad17a57dda4480_ChIJBTuSXqhf', 'candidate_id_1_27': 'cand_evt_90ad17a57dda4480_ChIJXwfMPy5f', 'candidate_id_1_28': 'cand_evt_90ad17a57dda4480_ChIJe0qdh8JZ', 'candidate_id_1_29': 'cand_evt_90ad17a57dda4480_ChIJlXecQSpZ', 'candidate_id_1_30': 'cand_evt_90ad17a57dda4480_ChIJqe-Kai5f', 'candidate_id_1_31': 'cand_evt_90ad17a57dda4480_ChIJ5zpm8ChZ', 'candidate_id_1_32': 'cand_evt_90ad17a57dda4480_ChIJxaf4Ey5f', 'candidate_id_1_33': 'cand_evt_90ad17a57dda4480_ChIJsaCQ-vNZ', 'candidate_id_1_34': 'cand_evt_90ad17a57dda4480_ChIJA9zY7Sxf', 'candidate_id_1_35': 'cand_evt_90ad17a57dda4480_ChIJA0juKzBf', 'candidate_id_1_36': 'cand_evt_90ad17a57dda4480_ChIJN6wFwihZ', 'candidate_id_1_37': 'cand_evt_90ad17a57dda4480_ChIJHQIpg9NY', 'candidate_id_1_38': 'cand_evt_90ad17a57dda4480_ChIJK6yDNjdf', 'candidate_id_1_39': 'cand_evt_90ad17a57dda4480_ChIJ-_hEzDFf', 'candidate_id_1_40': 'cand_evt_90ad17a57dda4480_ChIJ8UEYhUBZ', 'candidate_id_1_41': 'cand_evt_90ad17a57dda4480_ChIJgW6HQC5f', 'candidate_id_1_42': 'cand_evt_90ad17a57dda4480_ChIJp438w91Z', 'candidate_id_1_43': 'cand_evt_90ad17a57dda4480_ChIJhVFByzVf', 'candidate_id_1_44': 'cand_evt_90ad17a57dda4480_ChIJRYEYl_xf', 'candidate_id_1_45': 'cand_evt_90ad17a57dda4480_ChIJzzk5JypZ', 'candidate_id_1_46': 'cand_evt_90ad17a57dda4480_ChIJNbpmRG5Z', 'candidate_id_1_47': 'cand_evt_90ad17a57dda4480_ChIJp9WpPSxZ', 'candidate_id_1_48': 'cand_evt_90ad17a57dda4480_ChIJ64EKfyxf', 'candidate_id_1_49': 'cand_evt_90ad17a57dda4480_ChIJNZMckVVZ', 'candidate_id_1_50': 'cand_evt_90ad17a57dda4480_ChIJp2voCzBZ', 'candidate_id_1_51': 'cand_evt_90ad17a57dda4480_ChIJxZ8_Mq1Z', 'candidate_id_1_52': 'cand_evt_90ad17a57dda4480_ChIJ_acaSDdf', 'candidate_id_1_53': 'cand_evt_90ad17a57dda4480_ChIJAemDtCxf', 'candidate_id_1_54': 'cand_evt_90ad17a57dda4480_ChIJkYuIpTVf', 'candidate_id_1_55': 'cand_evt_90ad17a57dda4480_ChIJp-yKmcVY', 'candidate_id_1_56': 'cand_evt_90ad17a57dda4480_ChIJE1CADS5f', 'candidate_id_1_57': 'cand_evt_90ad17a57dda4480_ChIJV1joCS5f', 'candidate_id_1_58': 'cand_evt_90ad17a57dda4480_ChIJnepkXDBf', 'candidate_id_1_59': 'cand_evt_90ad17a57dda4480_ChIJZfxRn-ZZ'}
2025-10-26 19:40:14,341 INFO sqlalchemy.engine.Engine ROLLBACK
INFO:     127.0.0.1:52440 - "GET /api/v1/events/evt_90ad17a57dda4480/candidates HTTP/1.1" 200 OK
2025-10-26 19:40:14,450 INFO sqlalchemy.engine.Engine BEGIN (implicit)
2025-10-26 19:40:14,450 INFO sqlalchemy.engine.Engine SELECT events.id AS events_id, events.title AS events_title, events.category AS events_category, events.deadline AS events_deadline, events.visibility AS events_visibility, events.allow_vote AS events_allow_vote, events.final_decision AS events_final_decision, events.custom_center_lat AS events_custom_center_lat, events.custom_center_lng AS events_custom_center_lng, events.created_at AS events_created_at, events.expires_at AS events_expires_at, events.deleted_at AS events_deleted_at, events.created_by AS events_created_by 
FROM events 
WHERE events.id = %(id_1)s::VARCHAR AND events.deleted_at IS NULL 
 LIMIT %(param_1)s::INTEGER
2025-10-26 19:40:14,450 INFO sqlalchemy.engine.Engine [cached since 511.5s ago] {'id_1': 'evt_90ad17a57dda4480', 'param_1': 1}
2025-10-26 19:40:14,453 INFO sqlalchemy.engine.Engine ROLLBACK
INFO:     127.0.0.1:52440 - "GET /api/v1/events/evt_90ad17a57dda4480/stream HTTP/1.1" 200 OK
INFO:     127.0.0.1:52456 - "OPTIONS /api/v1/geocode/reverse?lat=40.77467730152671&lng=-73.91333704291478 HTTP/1.1" 200 OK
INFO:     127.0.0.1:52456 - "POST /api/v1/geocode/reverse?lat=40.77467730152671&lng=-73.91333704291478 HTTP/1.1" 200 OK
